,A,Z,N,Nmax,pdim,ndim,dim
0,2,1,1,0,2,2,2
1,3,1,2,0,2,1,1
2,3,2,1,0,1,2,1
3,4,1,3,0,2,6,4
4,4,3,1,0,6,2,4
5,5,1,4,0,2,15,8
6,5,4,1,0,15,2,8
7,6,1,5,0,2,20,10
8,6,5,1,0,20,2,10
9,7,1,6,0,2,15,8
10,7,6,1,0,15,2,8
11,8,1,7,0,2,6,4
12,8,7,1,0,6,2,4
13,9,1,8,0,2,1,1
14,9,8,1,0,1,2,1
15,10,1,9,0,2,12,6
16,10,9,1,0,12,2,6
17,11,1,10,0,2,66,25
18,11,10,1,0,66,2,25
19,12,1,11,0,2,220,74
20,12,11,1,0,220,2,74
21,13,1,12,0,2,495,153
22,13,12,1,0,495,2,153
23,14,1,13,0,2,792,238
24,14,13,1,0,792,2,238
25,15,1,14,0,2,924,270
26,15,14,1,0,924,2,270
27,16,1,15,0,2,792,238
28,16,15,1,0,792,2,238
29,17,1,16,0,2,495,153
30,17,16,1,0,495,2,153
31,18,1,17,0,2,220,74
32,18,17,1,0,220,2,74
33,19,1,18,0,2,66,25
34,19,18,1,0,66,2,25
35,4,2,2,0,1,1,1
36,5,2,3,0,1,6,2
37,5,3,2,0,6,1,2
38,6,2,4,0,1,15,5
39,6,4,2,0,15,1,5
40,7,2,5,0,1,20,5
41,7,5,2,0,20,1,5
42,8,2,6,0,1,15,5
43,8,6,2,0,15,1,5
44,9,2,7,0,1,6,2
45,9,7,2,0,6,1,2
46,10,2,8,0,1,1,1
47,10,8,2,0,1,1,1
48,11,2,9,0,1,12,3
49,11,9,2,0,12,1,3
50,12,2,10,0,1,66,14
51,12,10,2,0,66,1,14
52,13,2,11,0,1,220,37
53,13,11,2,0,220,1,37
54,14,2,12,0,1,495,81
55,14,12,2,0,495,1,81
56,15,2,13,0,1,792,119
57,15,13,2,0,792,1,119
58,16,2,14,0,1,924,142
59,16,14,2,0,924,1,142
60,17,2,15,0,1,792,119
61,17,15,2,0,792,1,119
62,18,2,16,0,1,495,81
63,18,16,2,0,495,1,81
64,19,2,17,0,1,220,37
65,19,17,2,0,220,1,37
66,20,2,18,0,1,66,14
67,20,18,2,0,66,1,14
68,21,2,19,0,1,12,3
69,21,19,2,0,12,1,3
70,6,3,3,0,6,6,10
71,7,3,4,0,6,15,21
72,7,4,3,0,15,6,21
73,8,3,5,0,6,20,28
74,8,5,3,0,20,6,28
75,9,3,6,0,6,15,21
76,9,6,3,0,15,6,21
77,10,3,7,0,6,6,10
78,10,7,3,0,6,6,10
79,11,3,8,0,6,1,2
80,11,8,3,0,1,6,2
81,12,3,9,0,6,12,16
82,12,9,3,0,12,6,16
83,13,3,10,0,6,66,70
84,13,10,3,0,66,6,70
85,14,3,11,0,6,220,212
86,14,11,3,0,220,6,212
87,15,3,12,0,6,495,438
88,15,12,3,0,495,6,438
89,16,3,13,0,6,792,684
90,16,13,3,0,792,6,684
91,17,3,14,0,6,924,777
92,17,14,3,0,924,6,777
93,18,3,15,0,6,792,684
94,18,15,3,0,792,6,684
95,19,3,16,0,6,495,438
96,19,16,3,0,495,6,438
97,20,3,17,0,6,220,212
98,20,17,3,0,220,6,212
99,21,3,18,0,6,66,70
100,21,18,3,0,66,6,70
101,22,3,19,0,6,12,16
102,22,19,3,0,12,6,16
103,23,3,20,0,6,1,2
104,23,20,3,0,1,6,2
105,8,4,4,0,15,15,51
106,9,4,5,0,15,20,62
107,9,5,4,0,20,15,62
108,10,4,6,0,15,15,51
109,10,6,4,0,15,15,51
110,11,4,7,0,15,6,21
111,11,7,4,0,6,15,21
112,12,4,8,0,15,1,5
113,12,8,4,0,1,15,5
114,13,4,9,0,15,12,36
115,13,9,4,0,12,15,36
116,14,4,10,0,15,66,172
117,14,10,4,0,66,15,172
118,15,4,11,0,15,220,500
119,15,11,4,0,220,15,500
120,16,4,12,0,15,495,1077
121,16,12,4,0,495,15,1077
122,17,4,13,0,15,792,1632
123,17,13,4,0,792,15,1632
124,18,4,14,0,15,924,1914
125,18,14,4,0,924,15,1914
126,19,4,15,0,15,792,1632
127,19,15,4,0,792,15,1632
128,20,4,16,0,15,495,1077
129,20,16,4,0,495,15,1077
130,21,4,17,0,15,220,500
131,21,17,4,0,220,15,500
132,22,4,18,0,15,66,172
133,22,18,4,0,66,15,172
134,23,4,19,0,15,12,36
135,23,19,4,0,12,15,36
136,24,4,20,0,15,NaN,NaN
137,24,20,4,0,NaN,15,NaN
138,25,4,21,0,15,20,51
139,25,21,4,0,20,15,51
140,10,5,5,0,20,20,84
141,11,5,6,0,20,15,62
142,11,6,5,0,15,20,62
143,12,5,7,0,20,6,28
144,12,7,5,0,6,20,28
145,13,5,8,0,20,1,5
146,13,8,5,0,1,20,5
147,14,5,9,0,20,12,48
148,14,9,5,0,12,20,48
149,15,5,10,0,20,66,218
150,15,10,5,0,66,20,218
151,16,5,11,0,20,220,670
152,16,11,5,0,220,20,670
153,17,5,12,0,20,495,1392
154,17,12,5,0,495,20,1392
155,18,5,13,0,20,792,2182
156,18,13,5,0,792,20,2182
157,19,5,14,0,20,924,2483
158,19,14,5,0,924,20,2483
159,20,5,15,0,20,792,2182
160,20,15,5,0,792,20,2182
161,21,5,16,0,20,495,1392
162,21,16,5,0,495,20,1392
163,22,5,17,0,20,220,670
164,22,17,5,0,220,20,670
165,23,5,18,0,20,66,218
166,23,18,5,0,66,20,218
167,24,5,19,0,20,12,48
168,24,19,5,0,12,20,48
169,25,5,20,0,20,1,5
170,25,20,5,0,1,20,5
171,26,5,21,0,20,20,68
172,26,21,5,0,20,20,68
173,27,5,22,0,20,190,514
174,27,22,5,0,190,20,514
175,12,6,6,0,15,15,51
176,13,6,7,0,15,6,21
177,13,7,6,0,6,15,21
178,14,6,8,0,15,1,5
179,14,8,6,0,1,15,5
180,15,6,9,0,15,12,36
181,15,9,6,0,12,15,36
182,16,6,10,0,15,66,172
183,16,10,6,0,66,15,172
184,17,6,11,0,15,220,500
185,17,11,6,0,220,15,500
186,18,6,12,0,15,495,1077
187,18,12,6,0,495,15,1077
188,19,6,13,0,15,792,1632
189,19,13,6,0,792,15,1632
190,20,6,14,0,15,924,1914
191,20,14,6,0,924,15,1914
192,21,6,15,0,15,792,1632
193,21,15,6,0,792,15,1632
194,22,6,16,0,15,495,1077
195,22,16,6,0,495,15,1077
196,23,6,17,0,15,220,500
197,23,17,6,0,220,15,500
198,24,6,18,0,15,66,172
199,24,18,6,0,66,15,172
200,25,6,19,0,15,12,36
201,25,19,6,0,12,15,36
202,26,6,20,0,15,1,5
203,26,20,6,0,1,15,5
204,27,6,21,0,15,20,51
205,27,21,6,0,20,15,51
206,28,6,22,0,15,190,398
207,28,22,6,0,190,15,398
208,29,6,23,0,15,1140,2041
209,29,23,6,0,1140,15,2041
210,14,7,7,0,6,6,10
211,15,7,8,0,6,1,2
212,15,8,7,0,1,6,2
213,16,7,9,0,6,12,16
214,16,9,7,0,12,6,16
215,17,7,10,0,6,66,70
216,17,10,7,0,66,6,70
217,18,7,11,0,6,220,212
218,18,11,7,0,220,6,212
219,19,7,12,0,6,495,438
220,19,12,7,0,495,6,438
221,20,7,13,0,6,792,684
222,20,13,7,0,792,6,684
223,21,7,14,0,6,924,777
224,21,14,7,0,924,6,777
225,22,7,15,0,6,792,684
226,22,15,7,0,792,6,684
227,23,7,16,0,6,495,438
228,23,16,7,0,495,6,438
229,24,7,17,0,6,220,212
230,24,17,7,0,220,6,212
231,25,7,18,0,6,66,70
232,25,18,7,0,66,6,70
233,26,7,19,0,6,12,16
234,26,19,7,0,12,6,16
235,27,7,20,0,6,1,2
236,27,20,7,0,1,6,2
237,28,7,21,0,6,20,22
238,28,21,7,0,20,6,22
239,29,7,22,0,6,190,161
240,29,22,7,0,190,6,161
241,30,7,23,0,6,1140,846
242,30,23,7,0,1140,6,846
243,31,7,24,0,6,NaN,NaN
244,31,24,7,0,NaN,6,NaN
245,16,8,8,0,1,1,1
246,17,8,9,0,1,12,3
247,17,9,8,0,12,1,3
248,18,8,10,0,1,66,14
249,18,10,8,0,66,1,14
250,19,8,11,0,1,220,37
251,19,11,8,0,220,1,37
252,20,8,12,0,1,495,81
253,20,12,8,0,495,1,81
254,21,8,13,0,1,792,119
255,21,13,8,0,792,1,119
256,22,8,14,0,1,924,142
257,22,14,8,0,924,1,142
258,23,8,15,0,1,792,119
259,23,15,8,0,792,1,119
260,24,8,16,0,1,495,81
261,24,16,8,0,495,1,81
262,25,8,17,0,1,220,37
263,25,17,8,0,220,1,37
264,26,8,18,0,1,66,14
265,26,18,8,0,66,1,14
266,27,8,19,0,1,12,3
267,27,19,8,0,12,1,3
268,28,8,20,0,1,1,1
269,28,20,8,0,1,1,1
270,29,8,21,0,1,20,4
271,29,21,8,0,20,1,4
272,30,8,22,0,1,190,30
273,30,22,8,0,190,1,30
274,31,8,23,0,1,1140,145
275,31,23,8,0,1140,1,145
276,32,8,24,0,1,4845,565
277,32,24,8,0,4845,1,565
278,33,8,25,0,1,15504,1651
279,33,25,8,0,15504,1,1651
280,18,9,9,0,12,12,28
281,19,9,10,0,12,66,128
282,19,10,9,0,66,12,128
283,20,9,11,0,12,220,394
284,20,11,9,0,220,12,394
285,21,9,12,0,12,495,822
286,21,12,9,0,495,12,822
287,22,9,13,0,12,792,1290
288,22,13,9,0,792,12,1290
289,23,9,14,0,12,924,1469
290,23,14,9,0,924,12,1469
291,24,9,15,0,12,792,1290
292,24,15,9,0,792,12,1290
293,25,9,16,0,12,495,822
294,25,16,9,0,495,12,822
295,26,9,17,0,12,220,394
296,26,17,9,0,220,12,394
297,27,9,18,0,12,66,128
298,27,18,9,0,66,12,128
299,28,9,19,0,12,12,28
300,28,19,9,0,12,12,28
301,29,9,20,0,12,1,3
302,29,20,9,0,1,12,3
303,30,9,21,0,12,20,40
304,30,21,9,0,20,12,40
305,31,9,22,0,12,190,304
306,31,22,9,0,190,12,304
307,32,9,23,0,12,1140,1618
308,32,23,9,0,1140,12,1618
309,33,9,24,0,12,4845,6218
310,33,24,9,0,4845,12,6218
311,34,9,25,0,12,15504,18774
312,34,25,9,0,15504,12,18774
313,35,9,26,0,12,38760,44403
314,35,26,9,0,38760,12,44403
315,20,10,10,0,66,66,640
316,21,10,11,0,66,220,1935
317,21,11,10,0,220,66,1935
318,22,10,12,0,66,495,4206
319,22,12,10,0,495,66,4206
320,23,10,13,0,66,792,6457
321,23,13,10,0,792,66,6457
322,24,10,14,0,66,924,7562
323,24,14,10,0,924,66,7562
324,25,10,15,0,66,792,6457
325,25,15,10,0,792,66,6457
326,26,10,16,0,66,495,4206
327,26,16,10,0,495,66,4206
328,27,10,17,0,66,220,1935
329,27,17,10,0,220,66,1935
330,28,10,18,0,66,66,640
331,28,18,10,0,66,66,640
332,29,10,19,0,66,12,128
333,29,19,10,0,12,66,128
334,30,10,20,0,66,1,14
335,30,20,10,0,1,66,14
336,31,10,21,0,66,20,192
337,31,21,10,0,20,66,192
338,32,10,22,0,66,190,1566
339,32,22,10,0,190,66,1566
340,33,10,23,0,66,1140,8275
341,33,23,10,0,1140,66,8275
342,34,10,24,0,66,4845,32722
343,34,24,10,0,4845,66,32722
344,35,10,25,0,66,15504,97855
345,35,25,10,0,15504,66,97855
346,36,10,26,0,66,38760,235682
347,36,26,10,0,38760,66,235682
348,37,10,27,0,66,77520,453705
349,37,27,10,0,77520,66,453705
350,22,11,11,0,220,220,6116
351,23,11,12,0,220,495,13029
352,23,12,11,0,495,220,13029
353,24,11,13,0,220,792,20564
354,24,13,11,0,792,220,20564
355,25,11,14,0,220,924,23558
356,25,14,11,0,924,220,23558
357,26,11,15,0,220,792,20564
358,26,15,11,0,792,220,20564
359,27,11,16,0,220,495,13029
360,27,16,11,0,495,220,13029
361,28,11,17,0,220,220,6116
362,28,17,11,0,220,220,6116
363,29,11,18,0,220,66,1935
364,29,18,11,0,66,220,1935
365,30,11,19,0,220,12,394
366,30,19,11,0,12,220,394
367,31,11,20,0,220,1,37
368,31,20,11,0,1,220,37
369,32,11,21,0,220,20,600
370,32,21,11,0,20,220,600
371,33,11,22,0,220,190,4866
372,33,22,11,0,190,220,4866
373,34,11,23,0,220,1140,26610
374,34,23,11,0,1140,220,26610
375,35,11,24,0,220,4845,104147
376,35,24,11,0,4845,220,104147
377,36,11,25,0,220,15504,317450
378,36,25,11,0,15504,220,317450
379,37,11,26,0,220,38760,756799
380,37,26,11,0,38760,220,756799
381,38,11,27,0,220,77520,1477516
382,38,27,11,0,77520,220,1477516
383,39,11,28,0,220,125970,2339660
384,39,28,11,0,125970,220,2339660
385,24,12,12,0,495,495,28503
386,25,12,13,0,495,792,44133
387,25,13,12,0,792,495,44133
388,26,12,14,0,495,924,51630
389,26,14,12,0,924,495,51630
390,27,12,15,0,495,792,44133
391,27,15,12,0,792,495,44133
392,28,12,16,0,495,495,28503
393,28,16,12,0,495,495,28503
394,29,12,17,0,495,220,13029
395,29,17,12,0,220,495,13029
396,30,12,18,0,495,66,4206
397,30,18,12,0,66,495,4206
398,31,12,19,0,495,12,822
399,31,19,12,0,12,495,822
400,32,12,20,0,495,1,81
401,32,20,12,0,1,495,81
402,33,12,21,0,495,20,1269
403,33,21,12,0,20,495,1269
404,34,12,22,0,495,190,10668
405,34,22,12,0,190,495,10668
406,35,12,23,0,495,1140,57624
407,35,23,12,0,1140,495,57624
408,36,12,24,0,495,4845,230025
409,36,24,12,0,4845,495,230025
410,37,12,25,0,495,15504,693567
411,37,25,12,0,15504,495,693567
412,38,12,26,0,495,38760,1677000
413,38,26,12,0,38760,495,1677000
414,39,12,27,0,495,77520,3240825
415,39,27,12,0,77520,495,3240825
416,40,12,28,0,495,125970,5192166
417,40,28,12,0,125970,495,5192166
418,26,13,13,0,792,792,69784
419,27,13,14,0,792,924,80115
420,27,14,13,0,924,792,80115
421,28,13,15,0,792,792,69784
422,28,15,13,0,792,792,69784
423,29,13,16,0,792,495,44133
424,29,16,13,0,495,792,44133
425,30,13,17,0,792,220,20564
426,30,17,13,0,220,792,20564
427,31,13,18,0,792,66,6457
428,31,18,13,0,66,792,6457
429,32,13,19,0,792,12,1290
430,32,19,13,0,12,792,1290
431,33,13,20,0,792,1,119
432,33,20,13,0,1,792,119
433,34,13,21,0,792,20,1998
434,34,21,13,0,20,792,1998
435,35,13,22,0,792,190,16539
436,35,22,13,0,190,792,16539
437,36,13,23,0,792,1140,91326
438,36,23,13,0,1140,792,91326
439,37,13,24,0,792,4845,360051
440,37,24,13,0,4845,792,360051
441,38,13,25,0,792,15504,1101662
442,38,25,13,0,15504,792,1101662
443,39,13,26,0,792,38760,2635073
444,39,26,13,0,38760,792,2635073
445,40,13,27,0,792,77520,5152812
446,40,27,13,0,77520,792,5152812
447,41,13,28,0,792,125970,8172461
448,41,28,13,0,125970,792,8172461
449,28,14,14,0,924,924,93710
450,29,14,15,0,924,792,80115
451,29,15,14,0,792,924,80115
452,30,14,16,0,924,495,51630
453,30,16,14,0,495,924,51630
454,31,14,17,0,924,220,23558
455,31,17,14,0,220,924,23558
456,32,14,18,0,924,66,7562
457,32,18,14,0,66,924,7562
458,33,14,19,0,924,12,1469
459,33,19,14,0,12,924,1469
460,34,14,20,0,924,1,142
461,34,20,14,0,1,924,142
462,35,14,21,0,924,20,2284
463,35,21,14,0,20,924,2284
464,36,14,22,0,924,190,19354
465,36,22,14,0,190,924,19354
466,37,14,23,0,924,1140,105141
467,37,23,14,0,1140,924,105141
468,38,14,24,0,924,4845,420856
469,38,24,14,0,4845,924,420856
470,39,14,25,0,924,15504,1271939
471,39,25,14,0,15504,924,1271939
472,40,14,26,0,924,38760,3079082
473,40,26,14,0,38760,924,3079082
474,41,14,27,0,924,77520,5957069
475,41,27,14,0,77520,924,5957069
476,42,14,28,0,924,125970,9548160
477,42,28,14,0,125970,924,9548160
478,30,15,15,0,792,792,69784
479,31,15,16,0,792,495,44133
480,31,16,15,0,495,792,44133
481,32,15,17,0,792,220,20564
482,32,17,15,0,220,792,20564
483,33,15,18,0,792,66,6457
484,33,18,15,0,66,792,6457
485,34,15,19,0,792,12,1290
486,34,19,15,0,12,792,1290
487,35,15,20,0,792,1,119
488,35,20,15,0,1,792,119
489,36,15,21,0,792,20,1998
490,36,21,15,0,20,792,1998
491,37,15,22,0,792,190,16539
492,37,22,15,0,190,792,16539
493,38,15,23,0,792,1140,91326
494,38,23,15,0,1140,792,91326
495,39,15,24,0,792,4845,360051
496,39,24,15,0,4845,792,360051
497,40,15,25,0,792,15504,1101662
498,40,25,15,0,15504,792,1101662
499,41,15,26,0,792,38760,2635073
500,41,26,15,0,38760,792,2635073
501,42,15,27,0,792,77520,5152812
502,42,27,15,0,77520,792,5152812
503,43,15,28,0,792,125970,8172461
504,43,28,15,0,125970,792,8172461
505,32,16,16,0,495,495,28503
506,33,16,17,0,495,220,13029
507,33,17,16,0,220,495,13029
508,34,16,18,0,495,66,4206
509,34,18,16,0,66,495,4206
510,35,16,19,0,495,12,822
511,35,19,16,0,12,495,822
512,36,16,20,0,495,1,81
513,36,20,16,0,1,495,81
514,37,16,21,0,495,20,1269
515,37,21,16,0,20,495,1269
516,38,16,22,0,495,190,10668
517,38,22,16,0,190,495,10668
518,39,16,23,0,495,1140,57624
519,39,23,16,0,1140,495,57624
520,40,16,24,0,495,4845,230025
521,40,24,16,0,4845,495,230025
522,41,16,25,0,495,15504,693567
523,41,25,16,0,15504,495,693567
524,42,16,26,0,495,38760,1677000
525,42,26,16,0,38760,495,1677000
526,43,16,27,0,495,77520,3240825
527,43,27,16,0,77520,495,3240825
528,44,16,28,0,495,125970,5192166
529,44,28,16,0,125970,495,5192166
530,34,17,17,0,220,220,6116
531,35,17,18,0,220,66,1935
532,35,18,17,0,66,220,1935
533,36,17,19,0,220,12,394
534,36,19,17,0,12,220,394
535,37,17,20,0,220,1,37
536,37,20,17,0,1,220,37
537,38,17,21,0,220,20,600
538,38,21,17,0,20,220,600
539,39,17,22,0,220,190,4866
540,39,22,17,0,190,220,4866
541,40,17,23,0,220,1140,26610
542,40,23,17,0,1140,220,26610
543,41,17,24,0,220,4845,104147
544,41,24,17,0,4845,220,104147
545,42,17,25,0,220,15504,317450
546,42,25,17,0,15504,220,317450
547,43,17,26,0,220,38760,756799
548,43,26,17,0,38760,220,756799
549,44,17,27,0,220,77520,1477516
550,44,27,17,0,77520,220,1477516
551,45,17,28,0,220,125970,2339660
552,45,28,17,0,125970,220,2339660
553,36,18,18,0,66,66,640
554,37,18,19,0,66,12,128
555,37,19,18,0,12,66,128
556,38,18,20,0,66,1,14
557,38,20,18,0,1,66,14
558,39,18,21,0,66,20,192
559,39,21,18,0,20,66,192
560,40,18,22,0,66,190,1566
561,40,22,18,0,190,66,1566
562,41,18,23,0,66,1140,8275
563,41,23,18,0,1140,66,8275
564,42,18,24,0,66,4845,32722
565,42,24,18,0,4845,66,32722
566,43,18,25,0,66,15504,97855
567,43,25,18,0,15504,66,97855
568,44,18,26,0,66,38760,235682
569,44,26,18,0,38760,66,235682
570,45,18,27,0,66,77520,453705
571,45,27,18,0,77520,66,453705
572,46,18,28,0,66,125970,725820
573,46,28,18,0,125970,66,725820
574,47,18,29,0,66,167960,950252
575,47,29,18,0,167960,66,950252
576,38,19,19,0,12,12,28
577,39,19,20,0,12,1,3
578,39,20,19,0,1,12,3
579,40,19,21,0,12,20,40
580,40,21,19,0,20,12,40
581,41,19,22,0,12,190,304
582,41,22,19,0,190,12,304
583,42,19,23,0,12,1140,1618
584,42,23,19,0,1140,12,1618
585,43,19,24,0,12,4845,6218
586,43,24,19,0,4845,12,6218
587,44,19,25,0,12,15504,18774
588,44,25,19,0,15504,12,18774
589,45,19,26,0,12,38760,44403
590,45,26,19,0,38760,12,44403
591,46,19,27,0,12,77520,86354
592,46,27,19,0,77520,12,86354
593,47,19,28,0,12,125970,136231
594,47,28,19,0,125970,12,136231
595,48,19,29,0,12,167960,180284
596,48,29,19,0,167960,12,180284
597,49,19,30,0,12,184756,196273
598,49,30,19,0,184756,12,196273
599,40,20,20,0,1,1,1
600,41,20,21,0,1,20,4
601,41,21,20,0,20,1,4
602,42,20,22,0,1,190,30
603,42,22,20,0,190,1,30
604,43,20,23,0,1,1140,145
605,43,23,20,0,1140,1,145
606,44,20,24,0,1,4845,565
607,44,24,20,0,4845,1,565
608,45,20,25,0,1,15504,1651
609,45,25,20,0,15504,1,1651
610,46,20,26,0,1,38760,3952
611,46,26,20,0,38760,1,3952
612,47,20,27,0,1,77520,7531
613,47,27,20,0,77520,1,7531
614,48,20,28,0,1,125970,12022
615,48,28,20,0,125970,1,12022
616,49,20,29,0,1,167960,15666
617,49,29,20,0,167960,1,15666
618,50,20,30,0,1,184756,17276
619,50,30,20,0,184756,1,17276
620,51,20,31,0,1,167960,15666
621,51,31,20,0,167960,1,15666
622,42,21,21,0,20,20,60
623,43,21,22,0,20,190,472
624,43,22,21,0,190,20,472
625,44,21,23,0,20,1140,2550
626,44,23,21,0,1140,20,2550
627,45,21,24,0,20,4845,9899
628,45,24,21,0,4845,20,9899
629,46,21,25,0,20,15504,30042
630,46,25,21,0,15504,20,30042
631,47,21,26,0,20,38760,71351
632,47,26,21,0,38760,20,71351
633,48,21,27,0,20,77520,139046
634,48,27,21,0,77520,20,139046
635,49,21,28,0,20,125970,219781
636,49,28,21,0,125970,20,219781
637,50,21,29,0,20,167960,291006
638,50,29,21,0,167960,20,291006
639,51,21,30,0,20,184756,317008
640,51,30,21,0,184756,20,317008
641,52,21,31,0,20,167960,291006
642,52,31,21,0,167960,20,291006
643,53,21,32,0,20,125970,219781
644,53,32,21,0,125970,20,219781
645,44,22,22,0,190,190,4000
646,45,22,23,0,190,1140,21691
647,45,23,22,0,1140,190,21691
648,46,22,24,0,190,4845,86810
649,46,24,22,0,4845,190,86810
650,47,22,25,0,190,15504,262231
651,47,25,22,0,15504,190,262231
652,48,22,26,0,190,38760,634744
653,48,26,22,0,38760,190,634744
654,49,22,27,0,190,77520,1227767
655,49,27,22,0,77520,190,1227767
656,50,22,28,0,190,125970,1967848
657,50,28,22,0,125970,190,1967848
658,51,22,29,0,190,167960,2581709
659,51,29,22,0,167960,190,2581709
660,52,22,30,0,190,184756,2843770
661,52,30,22,0,184756,190,2843770
662,53,22,31,0,190,167960,2581709
663,53,31,22,0,167960,190,2581709
664,54,22,32,0,190,125970,1967848
665,54,32,22,0,125970,190,1967848
666,55,22,33,0,190,77520,1227767
667,55,33,22,0,77520,190,1227767
668,46,23,23,0,1140,1140,121440
669,47,23,24,0,1140,4845,483887
670,47,24,23,0,4845,1140,483887
671,48,23,25,0,1140,15504,1489168
672,48,25,23,0,15504,1140,1489168
673,49,23,26,0,1140,38760,3580369
674,49,26,23,0,38760,1140,3580369
675,50,23,27,0,1140,77520,7019100
676,50,27,23,0,77520,1140,7019100
677,51,23,28,0,1140,125970,11160694
678,51,28,23,0,125970,1140,11160694
679,52,23,29,0,1140,167960,14800768
680,52,29,23,0,167960,1140,14800768
681,53,23,30,0,1140,184756,16154588
682,53,30,23,0,184756,1140,16154588
683,54,23,31,0,1140,167960,14800768
684,54,31,23,0,167960,1140,14800768
685,55,23,32,0,1140,125970,11160694
686,55,32,23,0,125970,1140,11160694
687,56,23,33,0,1140,77520,7019100
688,56,33,23,0,77520,1140,7019100
689,57,23,34,0,1140,38760,3580369
690,57,34,23,0,38760,1140,3580369
691,48,24,24,0,4845,4845,1963461
692,49,24,25,0,4845,15504,6004205
693,49,25,24,0,15504,4845,6004205
694,50,24,26,0,4845,38760,14625240
695,50,26,24,0,38760,4845,14625240
696,51,24,27,0,4845,77520,28464525
697,51,27,24,0,77520,4845,28464525
698,52,24,28,0,4845,125970,45734928
699,52,28,24,0,125970,4845,45734928
700,53,24,29,0,4845,167960,60168718
701,53,29,24,0,167960,4845,60168718
702,54,24,30,0,4845,184756,66262352
703,54,30,24,0,184756,4845,66262352
704,55,24,31,0,4845,167960,60168718
705,55,31,24,0,167960,4845,60168718
706,56,24,32,0,4845,125970,45734928
707,56,32,24,0,125970,4845,45734928
708,57,24,33,0,4845,77520,28464525
709,57,33,24,0,77520,4845,28464525
710,58,24,34,0,4845,38760,14625240
711,58,34,24,0,38760,4845,14625240
712,59,24,35,0,4845,15504,6004205
713,59,35,24,0,15504,4845,6004205
714,50,25,25,0,15504,15504,18600516
715,51,25,26,0,15504,38760,44993824
716,51,26,25,0,38760,15504,44993824
717,52,25,27,0,15504,77520,88474280
718,52,27,25,0,77520,15504,88474280
719,53,25,28,0,15504,125970,141112513
720,53,28,25,0,125970,15504,141112513
721,54,25,29,0,15504,167960,187285228
722,54,29,25,0,167960,15504,187285228
723,55,25,30,0,15504,184756,204629054
724,55,30,25,0,184756,15504,204629054
725,56,25,31,0,15504,167960,187285228
726,56,31,25,0,167960,15504,187285228
727,57,25,32,0,15504,125970,141112513
728,57,32,25,0,125970,15504,141112513
729,58,25,33,0,15504,77520,88474280
730,58,33,25,0,77520,15504,88474280
731,59,25,34,0,15504,38760,44993824
732,59,34,25,0,38760,15504,44993824
733,60,25,35,0,15504,15504,18600516
734,60,35,25,0,15504,15504,18600516
735,61,25,36,0,15504,4845,6004205
736,61,36,25,0,4845,15504,6004205
737,52,26,26,0,38760,38760,109954620
738,53,26,27,0,38760,77520,214688113
739,53,27,26,0,77520,38760,214688113
740,54,26,28,0,38760,125970,345400174
741,54,28,26,0,125970,38760,345400174
742,55,26,29,0,38760,167960,455078565
743,55,29,26,0,167960,38760,455078565
744,56,26,30,0,38760,184756,501113392
745,56,30,26,0,184756,38760,501113392
746,57,26,31,0,38760,167960,455078565
747,57,31,26,0,167960,38760,455078565
748,58,26,32,0,38760,125970,345400174
749,58,32,26,0,125970,38760,345400174
750,59,26,33,0,38760,77520,214688113
751,59,33,26,0,77520,38760,214688113
752,60,26,34,0,38760,38760,109954620
753,60,34,26,0,38760,38760,109954620
754,61,26,35,0,38760,15504,44993824
755,61,35,26,0,15504,38760,44993824
756,62,26,36,0,38760,4845,14625240
757,62,36,26,0,4845,38760,14625240
758,63,26,37,0,38760,1140,3580369
759,63,37,26,0,1140,38760,3580369
760,54,27,27,0,77520,77520,422818568
761,55,27,28,0,77520,125970,675477701
762,55,28,27,0,125970,77520,675477701
763,56,27,29,0,77520,167960,896870862
764,56,29,27,0,167960,77520,896870862
765,57,27,30,0,77520,184756,980474907
766,57,30,27,0,184756,77520,980474907
767,58,27,31,0,77520,167960,896870862
768,58,31,27,0,167960,77520,896870862
769,59,27,32,0,77520,125970,675477701
770,59,32,27,0,125970,77520,675477701
771,60,27,33,0,77520,77520,422818568
772,60,33,27,0,77520,77520,422818568
773,61,27,34,0,77520,38760,214688113
774,61,34,27,0,38760,77520,214688113
775,62,27,35,0,77520,15504,88474280
776,62,35,27,0,15504,77520,88474280
777,63,27,36,0,77520,4845,28464525
778,63,36,27,0,4845,77520,28464525
779,64,27,37,0,77520,1140,7019100
780,64,37,27,0,1140,77520,7019100
781,65,27,38,0,77520,190,1227767
782,65,38,27,0,190,77520,1227767
783,56,28,28,0,125970,125970,1087455228
784,57,28,29,0,125970,167960,1433832973
785,57,29,28,0,167960,125970,1433832973
786,58,28,30,0,125970,184756,1578789836
787,58,30,28,0,184756,125970,1578789836
788,59,28,31,0,125970,167960,1433832973
789,59,31,28,0,167960,125970,1433832973
790,60,28,32,0,125970,125970,1087455228
791,60,32,28,0,125970,125970,1087455228
792,61,28,33,0,125970,77520,675477701
793,61,33,28,0,77520,125970,675477701
794,62,28,34,0,125970,38760,345400174
795,62,34,28,0,38760,125970,345400174
796,63,28,35,0,125970,15504,141112513
797,63,35,28,0,15504,125970,141112513
798,64,28,36,0,125970,4845,45734928
799,64,36,28,0,4845,125970,45734928
800,65,28,37,0,125970,1140,11160694
801,65,37,28,0,1140,125970,11160694
802,66,28,38,0,125970,190,1967848
803,66,38,28,0,190,125970,1967848
804,67,28,39,0,125970,20,219781
805,67,39,28,0,20,125970,219781
806,58,29,29,0,167960,167960,1904130460
807,59,29,30,0,167960,184756,2082144434
808,59,30,29,0,184756,167960,2082144434
809,60,29,31,0,167960,167960,1904130460
810,60,31,29,0,167960,167960,1904130460
811,61,29,32,0,167960,125970,1433832973
812,61,32,29,0,125970,167960,1433832973
813,62,29,33,0,167960,77520,896870862
814,62,33,29,0,77520,167960,896870862
815,63,29,34,0,167960,38760,455078565
816,63,34,29,0,38760,167960,455078565
817,64,29,35,0,167960,15504,187285228
818,64,35,29,0,15504,167960,187285228
819,65,29,36,0,167960,4845,60168718
820,65,36,29,0,4845,167960,60168718
821,66,29,37,0,167960,1140,14800768
822,66,37,29,0,1140,167960,14800768
823,67,29,38,0,167960,190,2581709
824,67,38,29,0,190,167960,2581709
825,68,29,39,0,167960,20,291006
826,68,39,29,0,20,167960,291006
827,69,29,40,0,167960,NaN,NaN
828,69,40,29,0,NaN,167960,NaN
829,60,30,30,0,184756,184756,NaN
830,61,30,31,0,184756,167960,2082144434
831,61,31,30,0,167960,184756,2082144434
832,62,30,32,0,184756,125970,1578789836
833,62,32,30,0,125970,184756,1578789836
834,63,30,33,0,184756,77520,980474907
835,63,33,30,0,77520,184756,980474907
836,64,30,34,0,184756,38760,501113392
837,64,34,30,0,38760,184756,501113392
838,65,30,35,0,184756,15504,204629054
839,65,35,30,0,15504,184756,204629054
840,66,30,36,0,184756,4845,66262352
841,66,36,30,0,4845,184756,66262352
842,67,30,37,0,184756,1140,16154588
843,67,37,30,0,1140,184756,16154588
844,68,30,38,0,184756,190,2843770
845,68,38,30,0,190,184756,2843770
846,69,30,39,0,184756,20,317008
847,69,39,30,0,20,184756,317008
848,70,30,40,0,184756,1,17276
849,70,40,30,0,1,184756,17276
850,71,30,41,0,184756,30,458021
851,71,41,30,0,30,184756,458021
852,62,31,31,0,167960,167960,1904130460
853,63,31,32,0,167960,125970,1433832973
854,63,32,31,0,125970,167960,1433832973
855,64,31,33,0,167960,77520,896870862
856,64,33,31,0,77520,167960,896870862
857,65,31,34,0,167960,38760,455078565
858,65,34,31,0,38760,167960,455078565
859,66,31,35,0,167960,15504,187285228
860,66,35,31,0,15504,167960,187285228
861,67,31,36,0,167960,4845,60168718
862,67,36,31,0,4845,167960,60168718
863,68,31,37,0,167960,1140,14800768
864,68,37,31,0,1140,167960,14800768
865,69,31,38,0,167960,190,2581709
866,69,38,31,0,190,167960,2581709
867,70,31,39,0,167960,20,291006
868,70,39,31,0,20,167960,291006
869,71,31,40,0,167960,1,15666
870,71,40,31,0,1,167960,15666
871,72,31,41,0,167960,30,NaN
872,72,41,31,0,30,167960,NaN
873,73,31,42,0,167960,435,5537978
874,73,42,31,0,435,167960,5537978
875,64,32,32,0,125970,125970,1087455228
876,65,32,33,0,125970,77520,675477701
877,65,33,32,0,77520,125970,675477701
878,66,32,34,0,125970,38760,345400174
879,66,34,32,0,38760,125970,345400174
880,67,32,35,0,125970,15504,141112513
881,67,35,32,0,15504,125970,141112513
882,68,32,36,0,125970,4845,45734928
883,68,36,32,0,4845,125970,45734928
884,69,32,37,0,125970,1140,11160694
885,69,37,32,0,1140,125970,11160694
886,70,32,38,0,125970,190,1967848
887,70,38,32,0,190,125970,1967848
888,71,32,39,0,125970,20,219781
889,71,39,32,0,20,125970,219781
890,72,32,40,0,125970,1,12022
891,72,40,32,0,1,125970,12022
892,73,32,41,0,125970,30,317132
893,73,41,32,0,30,125970,317132
894,74,32,42,0,125970,435,4212448
895,74,42,32,0,435,125970,4212448
896,75,32,43,0,125970,4060,36387170
897,75,43,32,0,4060,125970,36387170
898,66,33,33,0,77520,77520,422818568
899,67,33,34,0,77520,38760,214688113
900,67,34,33,0,38760,77520,214688113
901,68,33,35,0,77520,15504,88474280
902,68,35,33,0,15504,77520,88474280
903,69,33,36,0,77520,4845,28464525
904,69,36,33,0,4845,77520,28464525
905,70,33,37,0,77520,1140,7019100
906,70,37,33,0,1140,77520,7019100
907,71,33,38,0,77520,190,1227767
908,71,38,33,0,190,77520,1227767
909,72,33,39,0,77520,20,NaN
910,72,39,33,0,20,77520,NaN
911,73,33,40,0,77520,NaN,NaN
912,73,40,33,0,NaN,77520,NaN
913,74,33,41,0,77520,30,200190
914,74,41,33,0,30,77520,200190
915,75,33,42,0,77520,435,2623269
916,75,42,33,0,435,77520,2623269
917,76,33,43,0,77520,4060,22799750
918,76,43,33,0,4060,77520,22799750
919,77,33,44,0,77520,27405,144261454
920,77,44,33,0,27405,77520,144261454
921,68,34,34,0,38760,38760,109954620
922,69,34,35,0,38760,15504,44993824
923,69,35,34,0,15504,38760,44993824
924,70,34,36,0,38760,4845,14625240
925,70,36,34,0,4845,38760,14625240
926,71,34,37,0,38760,1140,3580369
927,71,37,34,0,1140,38760,3580369
928,72,34,38,0,38760,190,634744
929,72,38,34,0,190,38760,634744
930,73,34,39,0,38760,20,71351
931,73,39,34,0,20,38760,71351
932,74,34,40,0,38760,1,3952
933,74,40,34,0,1,38760,3952
934,75,34,41,0,38760,30,102496
935,75,41,34,0,30,38760,102496
936,76,34,42,0,38760,435,1349916
937,76,42,34,0,435,38760,1349916
938,77,34,43,0,38760,4060,11587905
939,77,43,34,0,4060,38760,11587905
940,78,34,44,0,38760,27405,73703380
941,78,44,34,0,27405,38760,73703380
942,79,34,45,0,38760,142506,362680095
943,79,45,34,0,142506,38760,362680095
944,70,35,35,0,15504,15504,18600516
945,71,35,36,0,15504,4845,6004205
946,71,36,35,0,4845,15504,6004205
947,72,35,37,0,15504,1140,1489168
948,72,37,35,0,1140,15504,1489168
949,73,35,38,0,15504,190,262231
950,73,38,35,0,190,15504,262231
951,74,35,39,0,15504,20,30042
952,74,39,35,0,20,15504,30042
953,75,35,40,0,15504,1,1651
954,75,40,35,0,1,15504,1651
955,76,35,41,0,15504,NaN,NaN
956,76,41,35,0,NaN,15504,NaN
957,77,35,42,0,15504,435,555001
958,77,42,35,0,435,15504,555001
959,78,35,43,0,15504,4060,4784672
960,78,43,35,0,4060,15504,4784672
961,79,35,44,0,15504,27405,30085130
962,79,44,35,0,27405,15504,30085130
963,80,35,45,0,15504,142506,148733598
964,80,45,35,0,142506,15504,148733598
965,81,35,46,0,15504,593775,590811150
966,81,46,35,0,593775,15504,590811150
967,72,36,36,0,4845,4845,1963461
968,73,36,37,0,4845,1140,483887
969,73,37,36,0,1140,4845,483887
970,74,36,38,0,4845,190,86810
971,74,38,36,0,190,4845,86810
972,75,36,39,0,4845,20,9899
973,75,39,36,0,20,4845,9899
974,76,36,40,0,4845,1,565
975,76,40,36,0,1,4845,565
976,77,36,41,0,4845,NaN,NaN
977,77,41,36,0,NaN,4845,NaN
978,78,36,42,0,4845,435,182029
979,78,42,36,0,435,4845,182029
980,79,36,43,0,4845,4060,1542486
981,79,43,36,0,4060,4845,1542486
982,80,36,44,0,4845,27405,9735609
983,80,44,36,0,27405,4845,9735609
984,81,36,45,0,4845,142506,47609803
985,81,45,36,0,142506,4845,47609803
986,82,36,46,0,4845,593775,189937737
987,82,46,36,0,593775,4845,189937737
988,83,36,47,0,4845,2035800,624564550
989,83,47,36,0,2035800,4845,624564550
990,74,37,37,0,1140,1140,121440
991,75,37,38,0,1140,NaN,NaN
992,75,38,37,0,NaN,1140,NaN
993,76,37,39,0,1140,20,2550
994,76,39,37,0,20,1140,2550
995,77,37,40,0,1140,NaN,NaN
996,77,40,37,0,NaN,1140,NaN
997,78,37,41,0,1140,30,3588
998,78,41,37,0,30,1140,3588
999,79,37,42,0,1140,NaN,NaN
1000,79,42,37,0,NaN,1140,NaN
1001,80,37,43,0,1140,4060,381700
1002,80,43,37,0,4060,1140,381700
1003,81,37,44,0,1140,27405,2371738
1004,81,44,37,0,27405,1140,2371738
1005,82,37,45,0,1140,142506,11639514
1006,82,45,37,0,142506,1140,11639514
1007,83,37,46,0,1140,593775,45952778
1008,83,46,37,0,593775,1140,45952778
1009,84,37,47,0,1140,2035800,151732292
1010,84,47,37,0,2035800,1140,151732292
1011,85,37,48,0,1140,5852925,420489131
1012,85,48,37,0,5852925,1140,420489131
1013,76,38,38,0,190,190,4000
1014,77,38,39,0,190,20,472
1015,77,39,38,0,20,190,472
1016,78,38,40,0,190,1,30
1017,78,40,38,0,1,190,30
1018,79,38,41,0,190,NaN,NaN
1019,79,41,38,0,NaN,190,NaN
1020,80,38,42,0,190,NaN,NaN
1021,80,42,38,0,NaN,190,NaN
1022,81,38,43,0,190,4060,67033
1023,81,43,38,0,4060,190,67033
1024,82,38,44,0,190,27405,417040
1025,82,44,38,0,27405,190,417040
1026,83,38,45,0,190,142506,2016474
1027,83,45,38,0,142506,190,2016474
1028,84,38,46,0,190,593775,7988360
1029,84,46,38,0,593775,190,7988360
1030,85,38,47,0,190,2035800,26108406
1031,85,47,38,0,2035800,190,26108406
1032,86,38,48,0,190,5852925,72650520
1033,86,48,38,0,5852925,190,72650520
1034,87,38,49,0,190,14307150,171928872
1035,87,49,38,0,14307150,190,171928872
1036,78,39,39,0,20,20,60
1037,79,39,40,0,20,1,4
1038,79,40,39,0,1,20,4
1039,80,39,41,0,20,NaN,NaN
1040,80,41,39,0,NaN,20,NaN
1041,81,39,42,0,20,435,932
1042,81,42,39,0,435,20,932
1043,82,39,43,0,20,NaN,NaN
1044,82,43,39,0,NaN,20,NaN
1045,83,39,44,0,20,NaN,NaN
1046,83,44,39,0,NaN,20,NaN
1047,84,39,45,0,20,142506,224772
1048,84,45,39,0,142506,20,224772
1049,85,39,46,0,20,593775,877887
1050,85,46,39,0,593775,20,877887
1051,86,39,47,0,20,2035800,2879048
1052,86,47,39,0,2035800,20,2879048
1053,87,39,48,0,20,5852925,7930762
1054,87,48,39,0,5852925,20,7930762
1055,88,39,49,0,20,14307150,18846792
1056,88,49,39,0,14307150,20,18846792
1057,89,39,50,0,20,30045015,38467557
1058,89,50,39,0,30045015,20,38467557
1059,80,40,40,0,1,1,1
1060,81,40,41,0,1,NaN,NaN
1061,81,41,40,0,NaN,1,NaN
1062,82,40,42,0,1,435,55
1063,82,42,40,0,435,1,55
1064,83,40,43,0,1,4060,417
1065,83,43,40,0,4060,1,417
1066,84,40,44,0,1,NaN,NaN
1067,84,44,40,0,NaN,1,NaN
1068,85,40,45,0,1,142506,NaN
1069,85,45,40,0,142506,1,NaN
1070,86,40,46,0,1,NaN,NaN
1071,86,46,40,0,NaN,1,NaN
1072,87,40,47,0,1,2035800,151055
1073,87,47,40,0,2035800,1,151055
1074,88,40,48,0,1,5852925,417633
1075,88,48,40,0,5852925,1,417633
1076,89,40,49,0,1,14307150,982293
1077,89,49,40,0,14307150,1,982293
1078,90,40,50,0,1,30045015,NaN
1079,90,50,40,0,30045015,1,NaN
1080,82,41,41,0,30,30,110
1081,83,41,42,0,30,435,1319
1082,83,42,41,0,435,30,1319
1083,84,41,43,0,30,4060,10960
1084,84,43,41,0,4060,30,10960
1085,85,41,44,0,30,NaN,NaN
1086,85,44,41,0,NaN,30,NaN
1087,86,41,45,0,30,NaN,NaN
1088,86,45,41,0,NaN,30,NaN
1089,87,41,46,0,30,593775,1280646
1090,87,46,41,0,593775,30,1280646
1091,88,41,47,0,30,2035800,4209902
1092,88,47,41,0,2035800,30,4209902
1093,89,41,48,0,30,5852925,11620858
1094,89,48,41,0,5852925,30,11620858
1095,90,41,49,0,30,14307150,27651692
1096,90,49,41,0,14307150,30,27651692
1097,91,41,50,0,30,30045015,56507456
1098,91,50,41,0,30045015,30,56507456
1099,84,42,42,0,435,NaN,NaN
1100,85,42,43,0,435,NaN,NaN
1101,85,43,42,0,NaN,435,NaN
1102,86,42,44,0,435,27405,895739
1103,86,44,42,0,27405,435,895739
1104,87,42,45,0,435,142506,4367710
1105,87,45,42,0,142506,435,4367710
1106,88,42,46,0,435,593775,17393381
1107,88,46,42,0,593775,435,17393381
1108,89,42,47,0,435,2035800,57102155
1109,89,47,42,0,2035800,435,57102155
1110,90,42,48,0,435,5852925,159348639
1111,90,48,42,0,5852925,435,159348639
1112,91,42,49,0,435,14307150,378095698
1113,91,49,42,0,14307150,435,378095698
1114,92,42,50,0,435,30045015,779142309
1115,92,50,42,0,30045015,435,779142309
1116,86,43,43,0,4060,4060,1231652
1117,87,43,44,0,4060,27405,7762825
1118,87,44,43,0,27405,4060,7762825
1119,88,43,45,0,4060,142506,38434980
1120,88,45,43,0,142506,4060,38434980
1121,89,43,46,0,4060,593775,152867153
1122,89,46,43,0,593775,4060,152867153
1123,90,43,47,0,4060,2035800,507174948
1124,90,47,43,0,2035800,4060,507174948
1125,91,43,48,0,4060,5852925,1411603494
1126,91,48,43,0,5852925,4060,1411603494
1127,92,43,49,0,4060,14307150,NaN
1128,92,49,43,0,14307150,4060,NaN
1129,93,43,50,0,4060,30045015,NaN
1130,93,50,43,0,30045015,4060,NaN
1131,88,44,44,0,27405,27405,49670265
1132,89,44,45,0,27405,142506,245628369
1133,89,45,44,0,142506,27405,245628369
1134,90,44,46,0,27405,593775,987056265
1135,90,46,44,0,593775,27405,987056265
1136,91,44,47,0,27405,2035800,NaN
1137,91,47,44,0,2035800,27405,NaN
1138,92,44,48,0,27405,5852925,NaN
1139,92,48,44,0,5852925,27405,NaN
1140,93,44,49,0,27405,14307150,NaN
1141,93,49,44,0,14307150,27405,NaN
1142,94,44,50,0,27405,30045015,NaN
1143,94,50,44,0,30045015,27405,NaN
1144,90,45,45,0,142506,142506,1227184194
1145,91,45,46,0,142506,593775,NaN
1146,91,46,45,0,593775,142506,NaN
1147,92,45,47,0,142506,2035800,NaN
1148,92,47,45,0,2035800,142506,NaN
1149,93,45,48,0,142506,5852925,NaN
1150,93,48,45,0,5852925,142506,NaN
1151,94,45,49,0,142506,14307150,NaN
1152,94,49,45,0,14307150,142506,NaN
1153,95,45,50,0,142506,30045015,NaN
1154,95,50,45,0,30045015,142506,NaN
1155,92,46,46,0,593775,593775,NaN
1156,93,46,47,0,593775,2035800,NaN
1157,93,47,46,0,2035800,593775,NaN
1158,94,46,48,0,593775,5852925,NaN
1159,94,48,46,0,5852925,593775,NaN
1160,95,46,49,0,593775,14307150,NaN
1161,95,49,46,0,14307150,593775,NaN
1162,96,46,50,0,593775,30045015,NaN
1163,96,50,46,0,30045015,593775,NaN
1164,94,47,47,0,2035800,2035800,NaN
1165,95,47,48,0,2035800,5852925,NaN
1166,95,48,47,0,5852925,2035800,NaN
1167,96,47,49,0,2035800,14307150,NaN
1168,96,49,47,0,14307150,2035800,NaN
1169,97,47,50,0,2035800,30045015,NaN
1170,97,50,47,0,30045015,2035800,NaN
1171,96,48,48,0,5852925,5852925,NaN
1172,97,48,49,0,5852925,14307150,NaN
1173,97,49,48,0,14307150,5852925,NaN
1174,98,48,50,0,5852925,30045015,NaN
1175,98,50,48,0,30045015,5852925,NaN
1176,98,49,49,0,14307150,14307150,NaN
1177,99,49,50,0,14307150,30045015,NaN
1178,99,50,49,0,30045015,14307150,NaN
1179,100,50,50,0,30045015,30045015,NaN
1180,2,1,1,1,8,8,8
1181,3,1,2,1,8,13,9
1182,3,2,1,1,13,8,9
1183,4,1,3,1,8,48,32
1184,4,3,1,1,48,8,32
1185,5,1,4,1,8,127,70
1186,5,4,1,1,127,8,70
1187,6,1,5,1,8,230,116
1188,6,5,1,1,230,8,116
1189,7,1,6,1,8,267,119
1190,7,6,1,1,267,8,119
1191,8,1,7,1,8,188,84
1192,8,7,1,1,188,8,84
1193,9,1,8,1,8,73,32
1194,9,8,1,1,73,8,32
1195,10,1,9,1,8,428,164
1196,10,9,1,1,428,8,164
1197,11,1,10,1,8,1626,556
1198,11,10,1,1,1626,8,556
1199,12,1,11,1,8,4510,1472
1200,12,11,1,1,4510,8,1472
1201,13,1,12,1,8,9647,2936
1202,13,12,1,1,9647,8,2936
1203,14,1,13,1,8,16236,4776
1204,14,13,1,1,16236,8,4776
1205,15,1,14,1,8,21516,6011
1206,15,14,1,1,21516,8,6011
1207,16,1,15,1,8,22242,6128
1208,16,15,1,1,22242,8,6128
1209,17,1,16,1,8,17655,4752
1210,17,16,1,1,17655,8,4752
1211,18,1,17,1,8,10516,2890
1212,18,17,1,1,10516,8,2890
1213,19,1,18,1,8,4538,1269
1214,19,18,1,1,4538,8,1269
1215,4,2,2,1,13,13,8
1216,5,2,3,1,13,48,29
1217,5,3,2,1,48,13,29
1218,6,2,4,1,13,127,68
1219,6,4,2,1,127,13,68
1220,7,2,5,1,13,230,96
1221,7,5,2,1,230,13,96
1222,8,2,6,1,13,267,94
1223,8,6,2,1,267,13,94
1224,9,2,7,1,13,188,55
1225,9,7,2,1,188,13,55
1226,10,2,8,1,13,73,20
1227,10,8,2,1,73,13,20
1228,11,2,9,1,13,428,104
1229,11,9,2,1,428,13,104
1230,12,2,10,1,13,1626,392
1231,12,10,2,1,1626,13,392
1232,13,2,11,1,13,4510,1039
1233,13,11,2,1,4510,13,1039
1234,14,2,12,1,13,9647,2160
1235,14,12,2,1,9647,13,2160
1236,15,2,13,1,13,16236,3375
1237,15,13,2,1,16236,13,3375
1238,16,2,14,1,13,21516,4236
1239,16,14,2,1,21516,13,4236
1240,17,2,15,1,13,22242,4051
1241,17,15,2,1,22242,13,4051
1242,18,2,16,1,13,17655,3086
1243,18,16,2,1,17655,13,3086
1244,19,2,17,1,13,10516,1748
1245,19,17,2,1,10516,13,1748
1246,20,2,18,1,13,4538,756
1247,20,18,2,1,4538,13,756
1248,21,2,19,1,13,1338,224
1249,21,19,2,1,1338,13,224
1250,6,3,3,1,48,48,116
1251,7,3,4,1,48,127,264
1252,7,4,3,1,127,48,264
1253,8,3,5,1,48,230,414
1254,8,5,3,1,230,48,414
1255,9,3,6,1,48,267,402
1256,9,6,3,1,267,48,402
1257,10,3,7,1,48,188,262
1258,10,7,3,1,188,48,262
1259,11,3,8,1,48,73,94
1260,11,8,3,1,73,48,94
1261,12,3,9,1,48,428,518
1262,12,9,3,1,428,48,518
1263,13,3,10,1,48,1626,1846
1264,13,10,3,1,1626,48,1846
1265,14,3,11,1,48,4510,5020
1266,14,11,3,1,4510,48,5020
1267,15,3,12,1,48,9647,10134
1268,15,12,3,1,9647,48,10134
1269,16,3,13,1,48,16236,16420
1270,16,13,3,1,16236,48,16420
1271,17,3,14,1,48,21516,20397
1272,17,14,3,1,21516,48,20397
1273,18,3,15,1,48,22242,20374
1274,18,15,3,1,22242,48,20374
1275,19,3,16,1,48,17655,15448
1276,19,16,3,1,17655,48,15448
1277,20,3,17,1,48,10516,9164
1278,20,17,3,1,10516,48,9164
1279,21,3,18,1,48,4538,3926
1280,21,18,3,1,4538,48,3926
1281,22,3,19,1,48,1338,1216
1282,22,19,3,1,1338,48,1216
1283,23,3,20,1,48,241,231
1284,23,20,3,1,241,48,231
1285,8,4,4,1,127,127,648
1286,9,4,5,1,127,230,967
1287,9,5,4,1,230,127,967
1288,10,4,6,1,127,267,984
1289,10,6,4,1,267,127,984
1290,11,4,7,1,127,188,605
1291,11,7,4,1,188,127,605
1292,12,4,8,1,127,73,226
1293,12,8,4,1,73,127,226
1294,13,4,9,1,127,428,1219
1295,13,9,4,1,428,127,1219
1296,14,4,10,1,127,1626,4574
1297,14,10,4,1,1626,127,4574
1298,15,4,11,1,127,4510,12146
1299,15,11,4,1,4510,127,12146
1300,16,4,12,1,127,9647,25320
1301,16,12,4,1,9647,127,25320
1302,17,4,13,1,127,16236,40074
1303,17,13,4,1,16236,127,40074
1304,18,4,14,1,127,21516,50980
1305,18,14,4,1,21516,127,50980
1306,19,4,15,1,127,22242,49683
1307,19,15,4,1,22242,127,49683
1308,20,4,16,1,127,17655,38458
1309,20,16,4,1,17655,127,38458
1310,21,4,17,1,127,10516,22196
1311,21,17,4,1,10516,127,22196
1312,22,4,18,1,127,4538,9708
1313,22,18,4,1,4538,127,9708
1314,23,4,19,1,127,1338,2902
1315,23,19,4,1,1338,127,2902
1316,24,4,20,1,127,241,564
1317,24,20,4,1,241,127,564
1318,25,4,21,1,127,2330,4654
1319,25,21,4,1,2330,127,4654
1320,10,5,5,1,230,230,1484
1321,11,5,6,1,230,267,1400
1322,11,6,5,1,267,230,1400
1323,12,5,7,1,230,188,870
1324,12,7,5,1,188,230,870
1325,13,5,8,1,230,73,299
1326,13,8,5,1,73,230,299
1327,14,5,9,1,230,428,1744
1328,14,9,5,1,428,230,1744
1329,15,5,10,1,230,1626,6474
1330,15,10,5,1,1626,230,6474
1331,16,5,11,1,230,4510,17968
1332,16,11,5,1,4510,230,17968
1333,17,5,12,1,230,9647,36679
1334,17,12,5,1,9647,230,36679
1335,18,5,13,1,230,16236,59358
1336,18,13,5,1,16236,230,59358
1337,19,5,14,1,230,21516,73252
1338,19,14,5,1,21516,230,73252
1339,20,5,15,1,230,22242,72194
1340,20,15,5,1,22242,230,72194
1341,21,5,16,1,230,17655,53930
1342,21,16,5,1,17655,230,53930
1343,22,5,17,1,230,10516,31398
1344,22,17,5,1,10516,230,31398
1345,23,5,18,1,230,4538,13202
1346,23,18,5,1,4538,230,13202
1347,24,5,19,1,230,1338,3994
1348,24,19,5,1,1338,230,3994
1349,25,5,20,1,230,241,741
1350,25,20,5,1,241,230,741
1351,26,5,21,1,230,2330,6392
1352,26,21,5,1,2330,230,6392
1353,27,5,22,1,230,14470,36498
1354,27,22,5,1,14470,230,36498
1355,12,6,6,1,267,267,1320
1356,13,6,7,1,267,188,743
1357,13,7,6,1,188,267,743
1358,14,6,8,1,267,73,252
1359,14,8,6,1,73,267,252
1360,15,6,9,1,267,428,1474
1361,15,9,6,1,428,267,1474
1362,16,6,10,1,267,1626,5858
1363,16,10,6,1,1626,267,5858
1364,17,6,11,1,267,4510,16084
1365,17,11,6,1,4510,267,16084
1366,18,6,12,1,267,9647,33894
1367,18,12,6,1,9647,267,33894
1368,19,6,13,1,267,16236,53300
1369,19,13,6,1,16236,267,53300
1370,20,6,14,1,267,21516,66450
1371,20,14,6,1,21516,267,66450
1372,21,6,15,1,267,22242,62909
1373,21,15,6,1,22242,267,62909
1374,22,6,16,1,267,17655,47032
1375,22,16,6,1,17655,267,47032
1376,23,6,17,1,267,10516,26134
1377,23,17,6,1,10516,267,26134
1378,24,6,18,1,267,4538,10992
1379,24,18,6,1,4538,267,10992
1380,25,6,19,1,267,1338,3157
1381,25,19,6,1,1338,267,3157
1382,26,6,20,1,267,241,590
1383,26,20,6,1,241,267,590
1384,27,6,21,1,267,2330,5042
1385,27,21,6,1,2330,267,5042
1386,28,6,22,1,267,14470,29994
1387,28,22,6,1,14470,267,29994
1388,29,6,23,1,267,64980,129829
1389,29,23,6,1,64980,267,129829
1390,14,7,7,1,188,188,408
1391,15,7,8,1,188,73,120
1392,15,8,7,1,73,188,120
1393,16,7,9,1,188,428,786
1394,16,9,7,1,428,188,786
1395,17,7,10,1,188,1626,3144
1396,17,10,7,1,1626,188,3144
1397,18,7,11,1,188,4510,9096
1398,18,11,7,1,4510,188,9096
1399,19,7,12,1,188,9647,18777
1400,19,12,7,1,9647,188,18777
1401,20,7,13,1,188,16236,30042
1402,20,13,7,1,16236,188,30042
1403,21,7,14,1,188,21516,35981
1404,21,14,7,1,21516,188,35981
1405,22,7,15,1,188,22242,33996
1406,22,15,7,1,22242,188,33996
1407,23,7,16,1,188,17655,24091
1408,23,16,7,1,17655,188,24091
1409,24,7,17,1,188,10516,13240
1410,24,17,7,1,10516,188,13240
1411,25,7,18,1,188,4538,5224
1412,25,18,7,1,4538,188,5224
1413,26,7,19,1,188,1338,1484
1414,26,19,7,1,1338,188,1484
1415,27,7,20,1,188,241,257
1416,27,20,7,1,241,188,257
1417,28,7,21,1,188,2330,2336
1418,28,21,7,1,2330,188,2336
1419,29,7,22,1,188,NaN,NaN
1420,29,22,7,1,NaN,188,NaN
1421,30,7,23,1,188,64980,63484
1422,30,23,7,1,64980,188,63484
1423,31,7,24,1,188,225093,219530
1424,31,24,7,1,225093,188,219530
1425,16,8,8,1,73,73,32
1426,17,8,9,1,73,428,223
1427,17,9,8,1,428,73,223
1428,18,8,10,1,73,1626,982
1429,18,10,8,1,1626,73,982
1430,19,8,11,1,73,4510,2828
1431,19,11,8,1,4510,73,2828
1432,20,8,12,1,73,9647,6036
1433,20,12,8,1,9647,73,6036
1434,21,8,13,1,73,16236,9331
1435,21,13,8,1,16236,73,9331
1436,22,8,14,1,73,21516,11202
1437,22,14,8,1,21516,73,11202
1438,23,8,15,1,73,22242,10007
1439,23,15,8,1,22242,73,10007
1440,24,8,16,1,73,17655,6962
1441,24,16,8,1,17655,73,6962
1442,25,8,17,1,73,10516,3537
1443,25,17,8,1,10516,73,3537
1444,26,8,18,1,73,4538,1346
1445,26,18,8,1,4538,73,1346
1446,27,8,19,1,73,1338,343
1447,27,19,8,1,1338,73,343
1448,28,8,20,1,73,241,56
1449,28,20,8,1,241,73,56
1450,29,8,21,1,73,2330,529
1451,29,21,8,1,2330,73,529
1452,30,8,22,1,73,14470,3460
1453,30,22,8,1,14470,73,3460
1454,31,8,23,1,73,64980,16138
1455,31,23,8,1,64980,73,16138
1456,32,8,24,1,73,225093,58840
1457,32,24,8,1,225093,73,58840
1458,33,8,25,1,73,625974,167307
1459,33,25,8,1,625974,73,167307
1460,18,9,9,1,428,428,1540
1461,19,9,10,1,428,1626,6360
1462,19,10,9,1,1626,428,6360
1463,20,9,11,1,428,4510,18652
1464,20,11,9,1,4510,428,18652
1465,21,9,12,1,428,9647,38846
1466,21,12,9,1,9647,428,38846
1467,22,9,13,1,428,16236,62204
1468,22,13,9,1,16236,428,62204
1469,23,9,14,1,428,21516,74413
1470,23,14,9,1,21516,428,74413
1471,24,9,15,1,428,22242,69836
1472,24,15,9,1,22242,428,69836
1473,25,9,16,1,428,17655,49101
1474,25,16,9,1,17655,428,49101
1475,26,9,17,1,428,10516,26630
1476,26,17,9,1,10516,428,26630
1477,27,9,18,1,428,4538,10354
1478,27,18,9,1,4538,428,10354
1479,28,9,19,1,428,1338,2874
1480,28,19,9,1,1338,428,2874
1481,29,9,20,1,428,241,485
1482,29,20,9,1,241,428,485
1483,30,9,21,1,428,2330,4574
1484,30,21,9,1,2330,428,4574
1485,31,9,22,1,428,14470,28073
1486,31,22,9,1,14470,428,28073
1487,32,9,23,1,428,64980,129020
1488,32,23,9,1,64980,428,129020
1489,33,9,24,1,428,225093,451057
1490,33,24,9,1,225093,428,451057
1491,34,9,25,1,428,625974,1277762
1492,34,25,9,1,625974,428,1277762
1493,35,9,26,1,428,1434120,2915420
1494,35,26,9,1,1434120,428,2915420
1495,20,10,10,1,1626,1626,26600
1496,21,10,11,1,1626,4510,75553
1497,21,11,10,1,4510,1626,75553
1498,22,10,12,1,1626,9647,161148
1499,22,12,10,1,9647,1626,161148
1500,23,10,13,1,1626,16236,254519
1501,23,13,10,1,16236,1626,254519
1502,24,10,14,1,1626,21516,314564
1503,24,14,10,1,21516,1626,314564
1504,25,10,15,1,1626,22242,294105
1505,25,15,10,1,22242,1626,294105
1506,26,10,16,1,1626,17655,215116
1507,26,16,10,1,17655,1626,215116
1508,27,10,17,1,1626,10516,116736
1509,27,17,10,1,10516,1626,116736
1510,28,10,18,1,1626,4538,47496
1511,28,18,10,1,4538,1626,47496
1512,29,10,19,1,1626,1338,13169
1513,29,19,10,1,1338,1626,13169
1514,30,10,20,1,1626,241,2340
1515,30,20,10,1,241,1626,2340
1516,31,10,21,1,1626,2330,21338
1517,31,21,10,1,2330,1626,21338
1518,32,10,22,1,1626,14470,131860
1519,32,22,10,1,14470,1626,131860
1520,33,10,23,1,1626,64980,587928
1521,33,23,10,1,64980,1626,587928
1522,34,10,24,1,1626,225093,2062110
1523,34,24,10,1,225093,1626,2062110
1524,35,10,25,1,1626,625974,5717967
1525,35,25,10,1,625974,1626,5717967
1526,36,10,26,1,1626,1434120,13137116
1527,36,26,10,1,1434120,1626,13137116
1528,37,10,27,1,1626,2751960,24790417
1529,37,27,10,1,2751960,1626,24790417
1530,22,11,11,1,4510,4510,218924
1531,23,11,12,1,4510,9647,458188
1532,23,12,11,1,9647,4510,458188
1533,24,11,13,1,4510,16236,740952
1534,24,13,11,1,16236,4510,740952
1535,25,11,14,1,4510,21516,905190
1536,25,14,11,1,21516,4510,905190
1537,26,11,15,1,4510,22242,869078
1538,26,15,11,1,22242,4510,869078
1539,27,11,16,1,4510,17655,630140
1540,27,16,11,1,17655,4510,630140
1541,28,11,17,1,4510,10516,351908
1542,28,17,11,1,10516,4510,351908
1543,29,11,18,1,4510,4538,141761
1544,29,18,11,1,4538,4510,141761
1545,30,11,19,1,4510,1338,40518
1546,30,19,11,1,1338,4510,40518
1547,31,11,20,1,4510,241,7084
1548,31,20,11,1,241,4510,7084
1549,32,11,21,1,4510,2330,66146
1550,32,21,11,1,2330,4510,66146
1551,33,11,22,1,4510,14470,400200
1552,33,22,11,1,14470,4510,400200
1553,34,11,23,1,4510,64980,1804134
1554,34,23,11,1,64980,4510,1804134
1555,35,11,24,1,4510,225093,6218226
1556,35,24,11,1,225093,4510,6218226
1557,36,11,25,1,4510,625974,17400734
1558,36,25,11,1,625974,4510,17400734
1559,37,11,26,1,4510,1434120,39458996
1560,37,26,11,1,1434120,4510,39458996
1561,38,11,27,1,4510,2751960,75222180
1562,38,27,11,1,2751960,4510,75222180
1563,39,11,28,1,4510,4467090,119215460
1564,39,28,11,1,4467090,4510,119215460
1565,24,12,12,1,9647,9647,978948
1566,25,12,13,1,9647,16236,1558790
1567,25,13,12,1,16236,9647,1558790
1568,26,12,14,1,9647,21516,1941940
1569,26,14,12,1,21516,9647,1941940
1570,27,12,15,1,9647,22242,1838087
1571,27,15,12,1,22242,9647,1838087
1572,28,12,16,1,9647,17655,1358736
1573,28,16,12,1,17655,9647,1358736
1574,29,12,17,1,9647,10516,747376
1575,29,17,12,1,10516,9647,747376
1576,30,12,18,1,9647,4538,307050
1577,30,18,12,1,4538,9647,307050
1578,31,12,19,1,9647,1338,86129
1579,31,19,12,1,1338,9647,86129
1580,32,12,20,1,9647,241,15372
1581,32,20,12,1,241,9647,15372
1582,33,12,21,1,9647,2330,141439
1583,33,21,12,1,2330,9647,141439
1584,34,12,22,1,9647,14470,872174
1585,34,22,12,1,14470,9647,872174
1586,35,12,23,1,9647,64980,3879639
1587,35,23,12,1,64980,9647,3879639
1588,36,12,24,1,9647,225093,13548398
1589,36,24,12,1,225093,9647,13548398
1590,37,12,25,1,9647,625974,37484837
1591,37,25,12,1,625974,9647,37484837
1592,38,12,26,1,9647,1434120,85949346
1593,38,26,12,1,1434120,9647,85949346
1594,39,12,27,1,9647,2751960,162265087
1595,39,27,12,1,2751960,9647,162265087
1596,40,12,28,1,9647,4467090,259849752
1597,40,28,12,1,4467090,9647,259849752
1598,26,13,13,1,16236,16236,2525356
1599,27,13,14,1,16236,21516,3092831
1600,27,14,13,1,21516,16236,3092831
1601,28,13,15,1,16236,22242,2968732
1602,28,15,13,1,22242,16236,2968732
1603,29,13,16,1,16236,17655,2153488
1604,29,16,13,1,17655,16236,2153488
1605,30,13,17,1,16236,10516,1199756
1606,30,17,13,1,10516,16236,1199756
1607,31,13,18,1,16236,4538,482424
1608,31,18,13,1,4538,16236,482424
1609,32,13,19,1,16236,1338,137112
1610,32,19,13,1,1338,16236,137112
1611,33,13,20,1,16236,241,23842
1612,33,20,13,1,241,16236,23842
1613,34,13,21,1,16236,2330,225448
1614,34,21,13,1,2330,16236,225448
1615,35,13,22,1,16236,14470,1376599
1616,35,22,13,1,14470,16236,1376599
1617,36,13,23,1,16236,64980,6236324
1618,36,23,13,1,64980,16236,6236324
1619,37,13,24,1,16236,225093,21587473
1620,37,24,13,1,225093,16236,21587473
1621,38,13,25,1,16236,625974,60554246
1622,38,25,13,1,625974,16236,60554246
1623,39,13,26,1,16236,1434120,137646879
1624,39,26,13,1,1434120,16236,137646879
1625,40,13,27,1,16236,2751960,262726448
1626,40,27,13,1,2751960,16236,262726448
1627,41,13,28,1,16236,4467090,416962828
1628,41,28,13,1,4467090,16236,416962828
1629,28,14,14,1,21516,21516,3834452
1630,29,14,15,1,21516,22242,3604347
1631,29,15,14,1,22242,21516,3604347
1632,30,14,16,1,21516,17655,2636978
1633,30,16,14,1,17655,21516,2636978
1634,31,14,17,1,21516,10516,1434089
1635,31,17,14,1,10516,21516,1434089
1636,32,14,18,1,21516,4538,580960
1637,32,18,14,1,4538,21516,580960
1638,33,14,19,1,21516,1338,160606
1639,33,19,14,1,1338,21516,160606
1640,34,14,20,1,21516,241,28170
1641,34,20,14,1,241,21516,28170
1642,35,14,21,1,21516,2330,264345
1643,35,21,14,1,2330,21516,264345
1644,36,14,22,1,21516,14470,1654168
1645,36,22,14,1,14470,21516,1654168
1646,37,14,23,1,21516,64980,7449184
1647,37,23,14,1,64980,21516,7449184
1648,38,14,24,1,21516,225093,26251092
1649,38,24,14,1,225093,21516,26251092
1650,39,14,25,1,21516,625974,73148410
1651,39,25,14,1,625974,21516,73148410
1652,40,14,26,1,21516,1434120,168474332
1653,40,26,14,1,1434120,21516,168474332
1654,41,14,27,1,21516,2751960,318950870
1655,41,27,14,1,2751960,21516,318950870
1656,42,14,28,1,21516,4467090,511075420
1657,42,28,14,1,4467090,21516,511075420
1658,30,15,15,1,22242,22242,3412108
1659,31,15,16,1,22242,17655,2432785
1660,31,16,15,1,17655,22242,2432785
1661,32,15,17,1,22242,10516,1327882
1662,32,17,15,1,10516,22242,1327882
1663,33,15,18,1,22242,4538,522010
1664,33,18,15,1,4538,22242,522010
1665,34,15,19,1,22242,1338,144744
1666,34,19,15,1,1338,22242,144744
1667,35,15,20,1,22242,241,24518
1668,35,20,15,1,241,22242,24518
1669,36,15,21,1,22242,2330,237614
1670,36,21,15,1,2330,22242,237614
1671,37,15,22,1,22242,14470,1482076
1672,37,22,15,1,14470,22242,1482076
1673,38,15,23,1,22242,64980,6832966
1674,38,23,15,1,64980,22242,6832966
1675,39,15,24,1,22242,225093,23985007
1676,39,24,15,1,225093,22242,23985007
1677,40,15,25,1,22242,625974,67967188
1678,40,25,15,1,625974,22242,67967188
1679,41,15,26,1,22242,1434120,155545726
1680,41,26,15,1,1434120,22242,155545726
1681,42,15,27,1,22242,2751960,297889906
1682,42,27,15,1,2751960,22242,297889906
1683,43,15,28,1,22242,4467090,472993807
1684,43,28,15,1,4467090,22242,472993807
1685,32,16,16,1,17655,17655,1738524
1686,33,16,17,1,17655,10516,919328
1687,33,17,16,1,10516,17655,919328
1688,34,16,18,1,17655,4538,361018
1689,34,18,16,1,4538,17655,361018
1690,35,16,19,1,17655,1338,96384
1691,35,19,16,1,1338,17655,96384
1692,36,16,20,1,17655,241,16298
1693,36,20,16,1,241,17655,16298
1694,37,16,21,1,17655,2330,157776
1695,37,21,16,1,2330,17655,157776
1696,38,16,22,1,17655,14470,1015508
1697,38,22,16,1,14470,17655,1015508
1698,39,16,23,1,17655,64980,4679243
1699,39,23,16,1,64980,17655,4679243
1700,40,16,24,1,17655,225093,16793434
1701,40,24,16,1,225093,17655,16793434
1702,41,16,25,1,17655,625974,47410114
1703,41,25,16,1,625974,17655,47410114
1704,42,16,26,1,17655,1434120,110126802
1705,42,26,16,1,1434120,17655,110126802
1706,43,16,27,1,17655,2751960,209324101
1707,43,27,16,1,2751960,17655,209324101
1708,44,16,28,1,17655,4467090,335461824
1709,44,28,16,1,4467090,17655,335461824
1710,34,17,17,1,10516,10516,484892
1711,35,17,18,1,10516,4538,182944
1712,35,18,17,1,4538,10516,182944
1713,36,17,19,1,10516,1338,48496
1714,36,19,17,1,1338,10516,48496
1715,37,17,20,1,10516,241,7793
1716,37,20,17,1,241,10516,7793
1717,38,17,21,1,10516,2330,78816
1718,38,21,17,1,2330,10516,78816
1719,39,17,22,1,10516,14470,509281
1720,39,22,17,1,14470,10516,509281
1721,40,17,23,1,10516,64980,2418724
1722,40,23,17,1,64980,10516,2418724
1723,41,17,24,1,10516,225093,8679677
1724,41,24,17,1,225093,10516,8679677
1725,42,17,25,1,10516,625974,24997064
1726,42,25,17,1,625974,10516,24997064
1727,43,17,26,1,10516,1434120,57768873
1728,43,26,17,1,1434120,10516,57768873
1729,44,17,27,1,10516,2751960,111162188
1730,44,27,17,1,2751960,10516,111162188
1731,45,17,28,1,10516,4467090,176433400
1732,45,28,17,1,4467090,10516,176433400
1733,36,18,18,1,4538,4538,68392
1734,37,18,19,1,4538,1338,17163
1735,37,19,18,1,1338,4538,17163
1736,38,18,20,1,4538,241,2704
1737,38,20,18,1,241,4538,2704
1738,39,18,21,1,4538,2330,27662
1739,39,21,18,1,2330,4538,27662
1740,40,18,22,1,4538,14470,186814
1741,40,22,18,1,14470,4538,186814
1742,41,18,23,1,4538,64980,892176
1743,41,23,18,1,64980,4538,892176
1744,42,18,24,1,4538,225093,3291530
1745,42,24,18,1,225093,4538,3291530
1746,43,18,25,1,4538,625974,9464105
1747,43,25,18,1,625974,4538,9464105
1748,44,18,26,1,4538,1434120,22243896
1749,44,26,18,1,1434120,4538,22243896
1750,45,18,27,1,4538,2751960,42480946
1751,45,27,18,1,2751960,4538,42480946
1752,46,18,28,1,4538,4467090,68056442
1753,46,28,18,1,4467090,4538,68056442
1754,38,19,19,1,1338,1338,4208
1755,39,19,20,1,1338,241,605
1756,39,20,19,1,241,1338,605
1757,40,19,21,1,1338,2330,6674
1758,40,21,19,1,2330,1338,6674
1759,41,19,22,1,1338,14470,45857
1760,41,22,19,1,14470,1338,45857
1761,42,19,23,1,1338,64980,228292
1762,42,23,19,1,64980,1338,228292
1763,43,19,24,1,1338,225093,845606
1764,43,24,19,1,225093,1338,845606
1765,44,19,25,1,1338,625974,2490184
1766,44,25,19,1,625974,1338,2490184
1767,45,19,26,1,1338,1434120,5826374
1768,45,26,19,1,1434120,1338,5826374
1769,46,19,27,1,1338,2751960,11277128
1770,46,27,19,1,2751960,1338,11277128
1771,47,19,28,1,1338,4467090,17873644
1772,47,28,19,1,4467090,1338,17873644
1773,40,20,20,1,241,241,80
1774,41,20,21,1,241,2330,940
1775,41,21,20,1,2330,241,940
1776,42,20,22,1,241,14470,6962
1777,42,22,20,1,14470,241,6962
1778,43,20,23,1,241,64980,35225
1779,43,23,20,1,64980,241,35225
1780,44,20,24,1,241,225093,135296
1781,44,24,20,1,225093,241,135296
1782,45,20,25,1,241,625974,398533
1783,45,25,20,1,625974,241,398533
1784,46,20,26,1,241,1434120,950816
1785,46,26,20,1,1434120,241,950816
1786,47,20,27,1,241,2751960,1825229
1787,47,27,20,1,2751960,241,1825229
1788,48,20,28,1,241,4467090,2921360
1789,48,28,20,1,4467090,241,2921360
1790,42,21,21,1,2330,2330,10688
1791,43,21,22,1,2330,14470,74806
1792,43,22,21,1,14470,2330,74806
1793,44,21,23,1,2330,64980,376108
1794,44,23,21,1,64980,2330,376108
1795,45,21,24,1,2330,225093,1403517
1796,45,24,21,1,225093,2330,1403517
1797,46,21,25,1,2330,625974,4150646
1798,46,25,21,1,625974,2330,4150646
1799,47,21,26,1,2330,1434120,9744979
1800,47,26,21,1,1434120,2330,9744979
1801,48,21,27,1,2330,2751960,18893680
1802,48,27,21,1,2751960,2330,18893680
1803,49,21,28,1,2330,4467090,29987460
1804,49,28,21,1,4467090,2330,29987460
1805,44,22,22,1,14470,14470,519172
1806,45,22,23,1,14470,64980,2529966
1807,45,23,22,1,64980,14470,2529966
1808,46,22,24,1,14470,225093,9448410
1809,46,24,22,1,225093,14470,9448410
1810,47,22,25,1,14470,625974,27431268
1811,47,25,22,1,625974,14470,27431268
1812,48,22,26,1,14470,1434120,64826376
1813,48,26,22,1,1434120,14470,64826376
1814,49,22,27,1,14470,2751960,124343027
1815,49,27,22,1,2751960,14470,124343027
1816,50,22,28,1,14470,4467090,199508068
1817,50,28,22,1,4467090,14470,199508068
1818,46,23,23,1,64980,64980,12324452
1819,47,23,24,1,64980,225093,45124817
1820,47,24,23,1,225093,64980,45124817
1821,48,23,25,1,64980,625974,131584728
1822,48,25,23,1,625974,64980,131584728
1823,49,23,26,1,64980,1434120,307105574
1824,49,26,23,1,1434120,64980,307105574
1825,50,23,27,1,64980,2751960,593855008
1826,50,27,23,1,2751960,64980,593855008
1827,51,23,28,1,64980,4467090,945766253
1828,51,28,23,1,4467090,64980,945766253
1829,48,24,24,1,225093,225093,165821912
1830,49,24,25,1,225093,625974,477088873
1831,49,25,24,1,625974,225093,477088873
1832,50,24,26,1,225093,1434120,1120653066
1833,50,26,24,1,1434120,225093,1120653066
1834,51,24,27,1,225093,2751960,NaN
1835,51,27,24,1,2751960,225093,NaN
1836,52,24,28,1,225093,4467090,NaN
1837,52,28,24,1,4467090,225093,NaN
1838,50,25,25,1,625974,625974,1380693248
1839,51,25,26,1,625974,1434120,-1082922273
1840,51,26,25,1,1434120,625974,-1082922273
1841,52,25,27,1,625974,2751960,NaN
1842,52,27,25,1,2751960,625974,NaN
1843,53,25,28,1,625974,4467090,NaN
1844,53,28,25,1,4467090,625974,NaN
1845,52,26,26,1,1434120,1434120,NaN
1846,53,26,27,1,1434120,2751960,NaN
1847,53,27,26,1,2751960,1434120,NaN
1848,54,26,28,1,1434120,4467090,NaN
1849,54,28,26,1,4467090,1434120,NaN
1850,54,27,27,1,2751960,2751960,NaN
1851,55,27,28,1,2751960,4467090,NaN
1852,55,28,27,1,4467090,2751960,NaN
1853,56,28,28,1,4467090,4467090,NaN
1854,2,1,1,2,20,20,24
1855,3,1,2,2,20,52,41
1856,3,2,1,2,52,20,41
1857,4,1,3,2,20,232,156
1858,4,3,1,2,232,20,156
1859,5,1,4,2,20,688,390
1860,5,4,1,2,688,20,390
1861,6,1,5,2,20,1412,728
1862,6,5,1,2,1412,20,728
1863,7,1,6,2,20,2018,911
1864,7,6,1,2,2018,20,911
1865,8,1,7,2,20,1952,822
1866,8,7,1,2,1952,20,822
1867,9,1,8,2,20,1207,466
1868,9,8,1,2,1207,20,466
1869,10,1,9,2,20,5330,1952
1870,10,9,1,2,5330,20,1952
1871,11,1,10,2,20,17961,6077
1872,11,10,1,2,17961,20,6077
1873,12,1,11,2,20,48040,15566
1874,12,11,1,2,48040,20,15566
1875,13,1,12,2,20,103631,31451
1876,13,12,1,2,103631,20,31451
1877,14,1,13,2,20,181654,53172
1878,14,13,1,2,181654,20,53172
1879,15,1,14,2,20,259215,71868
1880,15,14,1,2,259215,20,71868
1881,16,1,15,2,20,299772,80810
1882,16,15,1,2,299772,20,80810
1883,17,1,16,2,20,277805,71812
1884,17,16,1,2,277805,20,71812
1885,18,1,17,2,20,202558,51714
1886,18,17,1,2,202558,20,51714
1887,19,1,18,2,20,113147,28307
1888,19,18,1,2,113147,20,28307
1889,4,2,2,2,52,52,59
1890,5,2,3,2,52,232,200
1891,5,3,2,2,232,52,200
1892,6,2,4,2,52,688,511
1893,6,4,2,2,688,52,511
1894,7,2,5,2,52,1412,831
1895,7,5,2,2,1412,52,831
1896,8,2,6,2,52,2018,987
1897,8,6,2,2,2018,52,987
1898,9,2,7,2,52,1952,740
1899,9,7,2,2,1952,52,740
1900,10,2,8,2,52,1207,378
1901,10,8,2,2,1207,52,378
1902,11,2,9,2,52,5330,1645
1903,11,9,2,2,5330,52,1645
1904,12,2,10,2,52,17961,5565
1905,12,10,2,2,17961,52,5565
1906,13,2,11,2,52,48040,14082
1907,13,11,2,2,48040,52,14082
1908,14,2,12,2,52,103631,29172
1909,14,12,2,2,103631,52,29172
1910,15,2,13,2,52,181654,47322
1911,15,13,2,2,181654,52,47322
1912,16,2,14,2,52,259215,63465
1913,16,14,2,2,259215,52,63465
1914,17,2,15,2,52,299772,66934
1915,17,15,2,2,299772,52,66934
1916,18,2,16,2,52,277805,57626
1917,18,16,2,2,277805,52,57626
1918,19,2,17,2,52,202558,38217
1919,19,17,2,2,202558,52,38217
1920,20,2,18,2,52,113147,19989
1921,20,18,2,2,113147,52,19989
1922,21,2,19,2,52,46560,7605
1923,21,19,2,2,46560,52,7605
1924,6,3,3,2,232,232,800
1925,7,3,4,2,232,688,1961
1926,7,4,3,2,688,232,1961
1927,8,3,5,2,232,1412,3440
1928,8,5,3,2,1412,232,3440
1929,9,3,6,2,232,2018,3958
1930,9,6,3,2,2018,232,3958
1931,10,3,7,2,232,1952,3232
1932,10,7,3,2,1952,232,3232
1933,11,3,8,2,232,1207,1648
1934,11,8,3,2,1207,232,1648
1935,12,3,9,2,232,5330,7430
1936,12,9,3,2,5330,232,7430
1937,13,3,10,2,232,17961,24205
1938,13,10,3,2,17961,232,24205
1939,14,3,11,2,232,48040,63288
1940,14,11,3,2,48040,232,63288
1941,15,3,12,2,232,103631,128475
1942,15,12,3,2,103631,232,128475
1943,16,3,13,2,232,181654,215094
1944,16,13,3,2,181654,232,215094
1945,17,3,14,2,232,259215,285076
1946,17,14,3,2,259215,232,285076
1947,18,3,15,2,232,299772,311466
1948,18,15,3,2,299772,232,311466
1949,19,3,16,2,232,277805,267432
1950,19,16,3,2,277805,232,267432
1951,20,3,17,2,232,202558,185228
1952,20,17,3,2,202558,232,185228
1953,21,3,18,2,232,113147,97330
1954,21,18,3,2,113147,232,97330
1955,22,3,19,2,232,46560,39020
1956,22,19,3,2,46560,232,39020
1957,23,3,20,2,232,13261,10798
1958,23,20,3,2,13261,232,10798
1959,8,4,4,2,688,688,5103
1960,9,4,5,2,688,1412,8500
1961,9,5,4,2,1412,688,8500
1962,10,4,6,2,688,2018,10111
1963,10,6,4,2,2018,688,10111
1964,11,4,7,2,688,1952,7823
1965,11,7,4,2,1952,688,7823
1966,12,4,8,2,688,1207,4106
1967,12,8,4,2,1207,688,4106
1968,13,4,9,2,688,5330,18141
1969,13,9,4,2,5330,688,18141
1970,14,4,10,2,688,17961,61661
1971,14,10,4,2,17961,688,61661
1972,15,4,11,2,688,48040,158088
1973,15,11,4,2,48040,688,158088
1974,16,4,12,2,688,103631,329788
1975,16,12,4,2,103631,688,329788
1976,17,4,13,2,688,181654,540409
1977,17,13,4,2,181654,688,540409
1978,18,4,14,2,688,259215,729903
1979,18,14,4,2,259215,688,729903
1980,19,4,15,2,688,299772,779241
1981,19,15,4,2,299772,688,779241
1982,20,4,16,2,688,277805,679178
1983,20,16,4,2,277805,688,679178
1984,21,4,17,2,688,202558,459027
1985,21,17,4,2,202558,688,459027
1986,22,4,18,2,688,113147,244631
1987,22,18,4,2,113147,688,244631
1988,23,4,19,2,688,46560,95493
1989,23,19,4,2,46560,688,95493
1990,24,4,20,2,688,13261,26848
1991,24,20,4,2,13261,688,26848
1992,25,4,21,2,688,85952,164786
1993,25,21,4,2,85952,688,164786
1994,10,5,5,2,1412,1412,14502
1995,11,5,6,2,1412,2018,16097
1996,11,6,5,2,2018,1412,16097
1997,12,5,7,2,1412,1952,12436
1998,12,7,5,2,1952,1412,12436
1999,13,5,8,2,1412,1207,5978
2000,13,8,5,2,1207,1412,5978
2001,14,5,9,2,1412,5330,28372
2002,14,9,5,2,5330,1412,28372
2003,15,5,10,2,1412,17961,95638
2004,15,10,5,2,17961,1412,95638
2005,16,5,11,2,1412,48040,254084
2006,16,11,5,2,48040,1412,254084
2007,17,5,12,2,1412,103631,519317
2008,17,12,5,2,103631,1412,519317
2009,18,5,13,2,1412,181654,865958
2010,18,13,5,2,181654,1412,865958
2011,19,5,14,2,1412,259215,1136571
2012,19,14,5,2,259215,1412,1136571
2013,20,5,15,2,1412,299772,1220776
2014,20,15,5,2,299772,1412,1220776
2015,21,5,16,2,1412,277805,1026811
2016,21,16,5,2,277805,1412,1026811
2017,22,5,17,2,1412,202558,693286
2018,22,17,5,2,202558,1412,693286
2019,23,5,18,2,1412,113147,354514
2020,23,18,5,2,113147,1412,354514
2021,24,5,19,2,1412,46560,137854
2022,24,19,5,2,46560,1412,137854
2023,25,5,20,2,1412,13261,36980
2024,25,20,5,2,13261,1412,36980
2025,26,5,21,2,1412,85952,236926
2026,26,21,5,2,85952,1412,236926
2027,27,5,22,2,1412,410755,1115674
2028,27,22,5,2,410755,1412,1115674
2029,12,6,6,2,2018,2018,17725
2030,13,6,7,2,2018,1952,12450
2031,13,7,6,2,1952,2018,12450
2032,14,6,8,2,2018,1207,5770
2033,14,8,6,2,1207,2018,5770
2034,15,6,9,2,2018,5330,27800
2035,15,9,6,2,5330,2018,27800
2036,16,6,10,2,2018,17961,99181
2037,16,10,6,2,17961,2018,99181
2038,17,6,11,2,2018,48040,260532
2039,17,11,6,2,48040,2018,260532
2040,18,6,12,2,2018,103631,545782
2041,18,12,6,2,103631,2018,545782
2042,19,6,13,2,2018,181654,885536
2043,19,13,6,2,181654,2018,885536
2044,20,6,14,2,2018,259215,1168621
2045,20,14,6,2,259215,2018,1168621
2046,21,6,15,2,2018,299772,1206483
2047,21,15,6,2,299772,2018,1206483
2048,22,6,16,2,2018,277805,1007010
2049,22,16,6,2,277805,2018,1007010
2050,23,6,17,2,2018,202558,646743
2051,23,17,6,2,202558,2018,646743
2052,24,6,18,2,2018,113147,325323
2053,24,18,6,2,113147,2018,325323
2054,25,6,19,2,2018,46560,119191
2055,25,19,6,2,46560,2018,119191
2056,26,6,20,2,2018,13261,31302
2057,26,20,6,2,13261,2018,31302
2058,27,6,21,2,2018,85952,203583
2059,27,21,6,2,85952,2018,203583
2060,28,6,22,2,2018,410755,1003983
2061,28,22,6,2,410755,2018,1003983
2062,29,6,23,2,2018,1544394,3827310
2063,29,23,6,2,1544394,2018,3827310
2064,14,7,7,2,1952,1952,8396
2065,15,7,8,2,1952,1207,3390
2066,15,8,7,2,1207,1952,3390
2067,16,7,9,2,1952,5330,18088
2068,16,9,7,2,5330,1952,18088
2069,17,7,10,2,1952,17961,65187
2070,17,10,7,2,17961,1952,65187
2071,18,7,11,2,1952,48040,178822
2072,18,11,7,2,48040,1952,178822
2073,19,7,12,2,1952,103631,367490
2074,19,12,7,2,103631,1952,367490
2075,20,7,13,2,1952,181654,603254
2076,20,13,7,2,181654,1952,603254
2077,21,7,14,2,1952,259215,765632
2078,21,14,7,2,259215,1952,765632
2079,22,7,15,2,1952,299772,783332
2080,22,15,7,2,299772,1952,783332
2081,23,7,16,2,1952,277805,618826
2082,23,16,7,2,277805,1952,618826
2083,24,7,17,2,1952,202558,387820
2084,24,17,7,2,202558,1952,387820
2085,25,7,18,2,1952,113147,181722
2086,25,18,7,2,113147,1952,181722
2087,26,7,19,2,1952,46560,64062
2088,26,19,7,2,46560,1952,64062
2089,27,7,20,2,1952,13261,15349
2090,27,20,7,2,13261,1952,15349
2091,28,7,21,2,1952,85952,107890
2092,28,21,7,2,85952,1952,107890
2093,29,7,22,2,1952,410755,546595
2094,29,22,7,2,410755,1952,546595
2095,30,7,23,2,1952,1544394,2188696
2096,30,23,7,2,1544394,1952,2188696
2097,31,7,24,2,1952,4751007,6954880
2098,31,24,7,2,4751007,1952,6954880
2099,16,8,8,2,1207,1207,1245
2100,17,8,9,2,1207,5330,7027
2101,17,9,8,2,5330,1207,7027
2102,18,8,10,2,1207,17961,27537
2103,18,10,8,2,17961,1207,27537
2104,19,8,11,2,1207,48040,75573
2105,19,11,8,2,48040,1207,75573
2106,20,8,12,2,1207,103631,159737
2107,20,12,8,2,103631,1207,159737
2108,21,8,13,2,1207,181654,253753
2109,21,13,8,2,181654,1207,253753
2110,22,8,14,2,1207,259215,320441
2111,22,14,8,2,259215,1207,320441
2112,23,8,15,2,1207,299772,309696
2113,23,15,8,2,299772,1207,309696
2114,24,8,16,2,1207,277805,237743
2115,24,16,8,2,277805,1207,237743
2116,25,8,17,2,1207,202558,137535
2117,25,17,8,2,202558,1207,137535
2118,26,8,18,2,1207,113147,61171
2119,26,18,8,2,113147,1207,61171
2120,27,8,19,2,1207,46560,19252
2121,27,19,8,2,46560,1207,19252
2122,28,8,20,2,1207,13261,4211
2123,28,20,8,2,13261,1207,4211
2124,29,8,21,2,1207,85952,31798
2125,29,21,8,2,85952,1207,31798
2126,30,8,22,2,1207,410755,176065
2127,30,22,8,2,410755,1207,176065
2128,31,8,23,2,1207,1544394,730654
2129,31,23,8,2,1544394,1207,730654
2130,32,8,24,2,1207,4751007,2443677
2131,32,24,8,2,4751007,1207,2443677
2132,33,8,25,2,1207,12255684,6565682
2133,33,25,8,2,12255684,1207,6565682
2134,18,9,9,2,5330,5330,39036
2135,19,9,10,2,5330,17961,144700
2136,19,10,9,2,17961,5330,144700
2137,20,9,11,2,5330,48040,402512
2138,20,11,9,2,48040,5330,402512
2139,21,9,12,2,5330,103631,833295
2140,21,12,9,2,103631,5330,833295
2141,22,9,13,2,5330,181654,1366058
2142,22,13,9,2,181654,5330,1366058
2143,23,9,14,2,5330,259215,1724923
2144,23,14,9,2,259215,5330,1724923
2145,24,9,15,2,5330,299772,1745844
2146,24,15,9,2,299772,5330,1745844
2147,25,9,16,2,5330,277805,1361604
2148,25,16,9,2,277805,5330,1361604
2149,26,9,17,2,5330,202558,838776
2150,26,17,9,2,202558,5330,838776
2151,27,9,18,2,5330,113147,385768
2152,27,18,9,2,113147,5330,385768
2153,28,9,19,2,5330,46560,132864
2154,28,19,9,2,46560,5330,132864
2155,29,9,20,2,5330,13261,31039
2156,29,20,9,2,13261,5330,31039
2157,30,9,21,2,5330,85952,224316
2158,30,21,9,2,85952,5330,224316
2159,31,9,22,2,5330,410755,1161471
2160,31,22,9,2,410755,5330,1161471
2161,32,9,23,2,5330,1544394,4724448
2162,32,23,9,2,1544394,5330,4724448
2163,33,9,24,2,5330,4751007,15200591
2164,33,24,9,2,4751007,5330,15200591
2165,34,9,25,2,5330,12255684,40663142
2166,34,25,9,2,12255684,5330,40663142
2167,35,9,26,2,5330,26925603,89776841
2168,35,26,9,2,26925603,5330,89776841
2169,20,10,10,2,17961,17961,542072
2170,21,10,11,2,17961,48040,1469747
2171,21,11,10,2,48040,17961,1469747
2172,22,10,12,2,17961,103631,3108957
2173,22,12,10,2,103631,17961,3108957
2174,23,10,13,2,17961,181654,5040451
2175,23,13,10,2,181654,17961,5040451
2176,24,10,14,2,17961,259215,6552874
2177,24,14,10,2,259215,17961,6552874
2178,25,10,15,2,17961,299772,6624745
2179,25,15,10,2,299772,17961,6624745
2180,26,10,16,2,17961,277805,5362253
2181,26,16,10,2,277805,17961,5362253
2182,27,10,17,2,17961,202558,3328517
2183,27,17,10,2,202558,17961,3328517
2184,28,10,18,2,17961,113147,1605420
2185,28,18,10,2,113147,17961,1605420
2186,29,10,19,2,17961,46560,562659
2187,29,19,10,2,46560,17961,562659
2188,30,10,20,2,17961,13261,140097
2189,30,20,10,2,13261,17961,140097
2190,31,10,21,2,17961,85952,963446
2191,31,21,10,2,85952,17961,963446
2192,32,10,22,2,17961,410755,4948910
2193,32,22,10,2,410755,17961,4948910
2194,33,10,23,2,17961,1544394,19502017
2195,33,23,10,2,1544394,17961,19502017
2196,34,10,24,2,17961,4751007,62728447
2197,34,24,10,2,4751007,17961,62728447
2198,35,10,25,2,17961,12255684,164510259
2199,35,25,10,2,12255684,17961,164510259
2200,36,10,26,2,17961,26925603,365390648
2201,36,26,10,2,26925603,17961,365390648
2202,37,10,27,2,17961,50872500,680499400
2203,37,27,10,2,50872500,17961,680499400
2204,22,11,11,2,48040,48040,4060842
2205,23,11,12,2,48040,103631,8456817
2206,23,12,11,2,103631,48040,8456817
2207,24,11,13,2,48040,181654,14001974
2208,24,13,11,2,181654,48040,14001974
2209,25,11,14,2,48040,259215,18022117
2210,25,14,11,2,259215,48040,18022117
2211,26,11,15,2,48040,299772,18656456
2212,26,15,11,2,299772,48040,18656456
2213,27,11,16,2,48040,277805,15015693
2214,27,16,11,2,277805,48040,15015693
2215,28,11,17,2,48040,202558,9582152
2216,28,17,11,2,202558,48040,9582152
2217,29,11,18,2,48040,113147,4612826
2218,29,18,11,2,113147,48040,4612826
2219,30,11,19,2,48040,46560,1671312
2220,30,19,11,2,46560,48040,1671312
2221,31,11,20,2,48040,13261,416672
2222,31,20,11,2,13261,48040,416672
2223,32,11,21,2,48040,85952,2880458
2224,32,21,11,2,85952,48040,2880458
2225,33,11,22,2,48040,410755,14443359
2226,33,22,11,2,410755,48040,14443359
2227,34,11,23,2,48040,1544394,57234038
2228,34,23,11,2,1544394,48040,57234038
2229,35,11,24,2,48040,4751007,181016671
2230,35,24,11,2,4751007,48040,181016671
2231,37,11,26,2,48040,26925603,1049910921
2232,37,26,11,2,26925603,48040,1049910921
2233,38,11,27,2,48040,50872500,NaN
2234,38,27,11,2,50872500,48040,NaN
2235,39,11,28,2,48040,83134386,NaN
2236,39,28,11,2,83134386,48040,NaN
2237,24,12,12,2,103631,103631,17941903
2238,25,12,13,2,103631,181654,29299729
2239,25,13,12,2,181654,103631,29299729
2240,26,12,14,2,103631,259215,38356321
2241,26,14,12,2,259215,103631,38356321
2242,27,12,15,2,103631,299772,39202665
2243,27,15,12,2,299772,103631,39202665
2244,28,12,16,2,103631,277805,32086805
2245,28,16,12,2,277805,103631,32086805
2246,29,12,17,2,103631,202558,20228928
2247,29,17,12,2,202558,103631,20228928
2248,30,12,18,2,103631,113147,9914189
2249,30,18,12,2,113147,103631,9914189
2250,31,12,19,2,103631,46560,3548774
2251,31,19,12,2,46560,103631,3548774
2252,32,12,20,2,103631,13261,902797
2253,32,20,12,2,13261,103631,902797
2254,33,12,21,2,103631,85952,6142397
2255,33,21,12,2,85952,103631,6142397
2256,34,12,22,2,103631,410755,31209451
2257,34,22,12,2,410755,103631,31209451
2258,35,12,23,2,103631,1544394,122145274
2259,35,23,12,2,1544394,103631,122145274
2260,36,12,24,2,103631,4751007,390619533
2261,36,24,12,2,4751007,103631,390619533
2262,37,12,25,2,103631,12255684,1021725101
2263,37,25,12,2,12255684,103631,1021725101
2264,38,12,26,2,103631,26925603,NaN
2265,38,26,12,2,26925603,103631,NaN
2266,39,12,27,2,103631,50872500,NaN
2267,39,27,12,2,50872500,103631,NaN
2268,40,12,28,2,103631,83134386,NaN
2269,40,28,12,2,83134386,103631,NaN
2270,26,13,13,2,181654,181654,48566068
2271,27,13,14,2,181654,259215,62575553
2272,27,14,13,2,259215,181654,62575553
2273,28,13,15,2,181654,299772,64678910
2274,28,15,13,2,299772,181654,64678910
2275,29,13,16,2,181654,277805,52003334
2276,29,16,13,2,277805,181654,52003334
2277,30,13,17,2,181654,202558,33086834
2278,30,17,13,2,202558,181654,33086834
2279,31,13,18,2,181654,113147,15895305
2280,31,18,13,2,113147,181654,15895305
2281,32,13,19,2,181654,46560,5737160
2282,32,19,13,2,46560,181654,5737160
2283,33,13,20,2,181654,13261,1426652
2284,33,20,13,2,13261,181654,1426652
2285,34,13,21,2,181654,85952,9932424
2286,34,21,13,2,85952,181654,9932424
2287,35,13,22,2,181654,410755,50133292
2288,35,22,13,2,410755,181654,50133292
2289,36,13,23,2,181654,1544394,199528374
2290,36,23,13,2,1544394,181654,199528374
2291,37,13,24,2,181654,4751007,633721473
2292,37,24,13,2,4751007,181654,633721473
2293,38,13,25,2,181654,12255684,1678969296
2294,38,25,13,2,12255684,181654,1678969296
2295,39,13,26,2,181654,26925603,NaN
2296,39,26,13,2,26925603,181654,NaN
2297,40,13,27,2,181654,50872500,NaN
2298,40,27,13,2,50872500,181654,NaN
2299,41,13,28,2,181654,83134386,NaN
2300,41,28,13,2,83134386,181654,NaN
2301,28,14,14,2,259215,259215,81397848
2302,29,14,15,2,259215,299772,82437178
2303,29,15,14,2,299772,259215,82437178
2304,30,14,16,2,259215,277805,66583805
2305,30,16,14,2,277805,259215,66583805
2306,31,14,17,2,259215,202558,41337821
2307,31,17,14,2,202558,259215,41337821
2308,32,14,18,2,259215,113147,19880598
2309,32,18,14,2,113147,259215,19880598
2310,33,14,19,2,259215,46560,6970904
2311,33,19,14,2,46560,259215,6970904
2312,34,14,20,2,259215,13261,1731255
2313,34,20,14,2,13261,259215,1731255
2314,35,14,21,2,259215,85952,12059350
2315,35,21,14,2,85952,259215,12059350
2316,36,14,22,2,259215,410755,62398432
2317,36,22,14,2,410755,259215,62398432
2318,37,14,23,2,259215,1544394,247841776
2319,37,23,14,2,1544394,259215,247841776
2320,38,14,24,2,259215,4751007,801159735
2321,38,24,14,2,4751007,259215,801159735
2322,39,14,25,2,259215,12255684,2112498884
2323,39,25,14,2,12255684,259215,2112498884
2324,40,14,26,2,259215,26925603,NaN
2325,40,26,14,2,26925603,259215,NaN
2326,41,14,27,2,259215,50872500,NaN
2327,41,27,14,2,50872500,259215,NaN
2328,42,14,28,2,259215,83134386,NaN
2329,42,28,14,2,83134386,259215,NaN
2330,30,15,15,2,299772,299772,83750802
2331,31,15,16,2,299772,277805,65869235
2332,31,16,15,2,277805,299772,65869235
2333,32,15,17,2,299772,202558,40778148
2334,32,17,15,2,202558,299772,40778148
2335,33,15,18,2,299772,113147,18978863
2336,33,18,15,2,113147,299772,18978863
2337,34,15,19,2,299772,46560,6603298
2338,34,19,15,2,46560,299772,6603298
2339,35,15,20,2,299772,13261,1575556
2340,35,20,15,2,13261,299772,1575556
2341,36,15,21,2,299772,85952,11379414
2342,36,21,15,2,85952,299772,11379414
2343,37,15,22,2,299772,410755,59158980
2344,37,22,15,2,410755,299772,59158980
2345,38,15,23,2,299772,1544394,240887876
2346,38,23,15,2,1544394,299772,240887876
2347,39,15,24,2,299772,4751007,778394546
2348,39,24,15,2,4751007,299772,778394546
2349,40,15,25,2,299772,12255684,2087107126
2350,40,25,15,2,12255684,299772,2087107126
2351,41,15,26,2,299772,26925603,NaN
2352,41,26,15,2,26925603,299772,NaN
2353,42,15,27,2,299772,50872500,NaN
2354,42,27,15,2,50872500,299772,NaN
2355,43,15,28,2,299772,83134386,NaN
2356,43,28,15,2,83134386,299772,NaN
2357,32,16,16,2,277805,277805,51595277
2358,33,16,17,2,277805,202558,30856035
2359,33,17,16,2,202558,277805,30856035
2360,34,16,18,2,277805,113147,14199189
2361,34,18,16,2,113147,277805,14199189
2362,35,16,19,2,277805,46560,4729015
2363,35,19,16,2,46560,277805,4729015
2364,36,16,20,2,277805,13261,1107097
2365,36,20,16,2,13261,277805,1107097
2366,37,16,21,2,277805,85952,8112139
2367,37,21,16,2,85952,277805,8112139
2368,38,16,22,2,277805,410755,43701573
2369,38,22,16,2,410755,277805,43701573
2370,39,16,23,2,277805,1544394,179037413
2371,39,23,16,2,1544394,277805,179037413
2372,40,16,24,2,277805,4751007,592259729
2373,40,24,16,2,4751007,277805,592259729
2374,41,16,25,2,277805,12255684,1586934024
2375,41,25,16,2,12255684,277805,1586934024
2376,42,16,26,2,277805,26925603,NaN
2377,42,26,16,2,26925603,277805,NaN
2378,43,16,27,2,277805,50872500,NaN
2379,43,27,16,2,50872500,277805,NaN
2380,44,16,28,2,277805,83134386,NaN
2381,44,28,16,2,83134386,277805,NaN
2382,34,17,17,2,202558,202558,18224732
2383,35,17,18,2,202558,113147,8014213
2384,35,18,17,2,113147,202558,8014213
2385,36,17,19,2,202558,46560,2609142
2386,36,19,17,2,46560,202558,2609142
2387,37,17,20,2,202558,13261,574726
2388,37,20,17,2,13261,202558,574726
2389,38,17,21,2,202558,85952,4440840
2390,38,21,17,2,85952,202558,4440840
2391,39,17,22,2,202558,410755,24310692
2392,39,22,17,2,410755,202558,24310692
2393,40,17,23,2,202558,1544394,103011090
2394,40,23,17,2,1544394,202558,103011090
2395,41,17,24,2,202558,4751007,342664396
2396,41,24,17,2,4751007,202558,342664396
2397,42,17,25,2,202558,12255684,937644918
2398,42,25,17,2,12255684,202558,937644918
2399,43,17,26,2,202558,26925603,2104973124
2400,43,26,17,2,26925603,202558,2104973124
2401,44,17,27,2,202558,50872500,NaN
2402,44,27,17,2,50872500,202558,NaN
2403,45,17,28,2,202558,83134386,NaN
2404,45,28,17,2,83134386,202558,NaN
2405,36,18,18,2,113147,113147,3441240
2406,37,18,19,2,113147,46560,1052237
2407,37,19,18,2,46560,113147,1052237
2408,38,18,20,2,113147,13261,222111
2409,38,20,18,2,13261,113147,222111
2410,39,18,21,2,113147,85952,1775153
2411,39,21,18,2,85952,113147,1775153
2412,40,18,22,2,113147,410755,10223150
2413,40,22,18,2,410755,113147,10223150
2414,41,18,23,2,113147,1544394,43992499
2415,41,23,18,2,1544394,113147,43992499
2416,42,18,24,2,113147,4751007,150920165
2417,42,24,18,2,4751007,113147,150920165
2418,43,18,25,2,113147,12255684,414442505
2419,43,25,18,2,12255684,113147,414442505
2420,44,18,26,2,113147,26925603,947020388
2421,44,26,18,2,26925603,113147,947020388
2422,45,18,27,2,113147,50872500,1789108471
2423,45,27,18,2,50872500,113147,1789108471
2424,46,18,28,2,113147,83134386,NaN
2425,46,28,18,2,83134386,113147,NaN
2426,38,19,19,2,46560,46560,307926
2427,39,19,20,2,46560,13261,58912
2428,39,20,19,2,13261,46560,58912
2429,40,19,21,2,46560,85952,512650
2430,40,21,19,2,85952,46560,512650
2431,41,19,22,2,46560,410755,3053534
2432,41,22,19,2,410755,46560,3053534
2433,42,19,23,2,46560,1544394,13776940
2434,42,23,19,2,1544394,46560,13776940
2435,43,19,24,2,46560,4751007,47895773
2436,43,24,19,2,4751007,46560,47895773
2437,44,19,25,2,46560,12255684,135132002
2438,44,25,19,2,12255684,46560,135132002
2439,45,19,26,2,46560,26925603,308873037
2440,45,26,19,2,26925603,46560,308873037
2441,46,19,27,2,46560,50872500,591491880
2442,46,27,19,2,50872500,46560,591491880
2443,47,19,28,2,46560,83134386,NaN
2444,47,28,19,2,83134386,46560,NaN
2445,40,20,20,2,13261,13261,10257
2446,41,20,21,2,13261,85952,96577
2447,41,21,20,2,85952,13261,96577
2448,42,20,22,2,13261,410755,623931
2449,42,22,20,2,410755,13261,623931
2450,43,20,23,2,13261,1544394,2905552
2451,43,23,20,2,1544394,13261,2905552
2452,44,20,24,2,13261,4751007,10545125
2453,44,24,20,2,4751007,13261,10545125
2454,45,20,25,2,13261,12255684,30040094
2455,45,25,20,2,12255684,13261,30040094
2456,46,20,26,2,13261,26925603,70213163
2457,46,26,20,2,26925603,13261,70213163
2458,47,20,27,2,13261,50872500,133888837
2459,47,27,20,2,50872500,13261,133888837
2460,48,20,28,2,13261,83134386,NaN
2461,48,28,20,2,83134386,13261,NaN
2462,42,21,21,2,85952,85952,856722
2463,43,21,22,2,85952,410755,5176548
2464,43,22,21,2,410755,85952,5176548
2465,44,21,23,2,85952,1544394,23574244
2466,44,23,21,2,1544394,85952,23574244
2467,45,21,24,2,85952,4751007,82560407
2468,45,24,21,2,4751007,85952,82560407
2469,46,21,25,2,85952,12255684,234016240
2470,46,25,21,2,12255684,85952,234016240
2471,47,21,26,2,85952,26925603,536808787
2472,47,26,21,2,26925603,85952,536808787
2473,48,21,27,2,85952,50872500,1029807998
2474,48,27,21,2,50872500,85952,1029807998
2475,49,21,28,2,85952,83134386,NaN
2476,49,28,21,2,83134386,85952,NaN
2477,44,22,22,2,410755,410755,30568970
2478,45,22,23,2,410755,1544394,134197521
2479,45,23,22,2,1544394,410755,134197521
2480,46,22,24,2,410755,4751007,466623785
2481,46,24,22,2,4751007,410755,466623785
2482,47,22,25,2,410755,12255684,1295055292
2483,47,25,22,2,12255684,410755,1295055292
2484,48,22,26,2,410755,26925603,-1316975068
2485,48,26,22,2,26925603,410755,-1316975068
2486,49,22,27,2,410755,50872500,NaN
2487,49,27,22,2,50872500,410755,NaN
2488,50,22,28,2,410755,83134386,NaN
2489,50,28,22,2,83134386,410755,NaN
2490,46,23,23,2,1544394,1544394,584538800
2491,47,23,24,2,1544394,4751007,1987995254
2492,47,24,23,2,4751007,1544394,1987995254
2493,48,23,25,2,1544394,12255684,NaN
2494,48,25,23,2,12255684,1544394,NaN
2495,49,23,26,2,1544394,26925603,NaN
2496,49,26,23,2,26925603,1544394,NaN
2497,50,23,27,2,1544394,50872500,NaN
2498,50,27,23,2,50872500,1544394,NaN
2499,51,23,28,2,1544394,83134386,NaN
2500,51,28,23,2,83134386,1544394,NaN
2501,48,24,24,2,4751007,4751007,NaN
2502,49,24,25,2,4751007,12255684,NaN
2503,49,25,24,2,12255684,4751007,NaN
2504,50,24,26,2,4751007,26925603,NaN
2505,50,26,24,2,26925603,4751007,NaN
2506,51,24,27,2,4751007,50872500,NaN
2507,51,27,24,2,50872500,4751007,NaN
2508,52,24,28,2,4751007,83134386,NaN
2509,52,28,24,2,83134386,4751007,NaN
2510,50,25,25,2,12255684,12255684,NaN
2511,51,25,26,2,12255684,26925603,NaN
2512,51,26,25,2,26925603,12255684,NaN
2513,52,25,27,2,12255684,50872500,NaN
2514,52,27,25,2,50872500,12255684,NaN
2515,53,25,28,2,12255684,83134386,NaN
2516,53,28,25,2,83134386,12255684,NaN
2517,52,26,26,2,26925603,26925603,NaN
2518,53,26,27,2,26925603,50872500,NaN
2519,53,27,26,2,50872500,26925603,NaN
2520,54,26,28,2,26925603,83134386,NaN
2521,54,28,26,2,83134386,26925603,NaN
2522,54,27,27,2,50872500,50872500,NaN
2523,55,27,28,2,50872500,83134386,NaN
2524,55,28,27,2,83134386,50872500,NaN
2525,56,28,28,2,83134386,NaN,NaN
2526,2,1,1,3,40,40,56
2527,3,1,2,3,40,164,139
2528,3,2,1,3,164,40,139
2529,4,1,3,3,40,814,586
2530,4,3,1,3,814,40,586
2531,5,1,4,3,40,2740,1638
2532,5,4,1,3,2740,40,1638
2533,6,1,5,3,40,6482,3456
2534,6,5,1,3,6482,40,3456
2535,7,1,6,3,40,10850,5037
2536,7,6,1,3,10850,40,5037
2537,8,1,7,3,40,12734,5440
2538,8,7,1,3,12734,40,5440
2539,9,1,8,3,40,10219,3936
2540,9,8,1,3,10219,40,3936
2541,10,1,9,3,40,41492,15230
2542,10,9,1,3,41492,40,15230
2543,11,1,10,3,40,135045,46089
2544,11,10,1,3,135045,40,46089
2545,12,1,11,3,40,359276,117472
2546,12,11,1,3,359276,40,117472
2547,13,1,12,3,40,790379,242655
2548,13,12,1,3,790379,40,242655
2549,14,1,13,3,40,1444828,426386
2550,14,13,1,3,1444828,40,426386
2551,15,1,14,3,40,2194379,612227
2552,15,14,1,3,2194379,40,612227
2553,16,1,15,3,40,2758140,743460
2554,16,15,1,3,2758140,40,743460
2555,17,1,16,3,40,2847161,731434
2556,17,16,1,3,2847161,40,731434
2557,18,1,17,3,40,2384572,596852
2558,18,17,1,3,2384572,40,596852
2559,19,1,18,3,40,1591199,384001
2560,19,18,1,3,1591199,40,384001
2561,4,2,2,3,164,164,260
2562,5,2,3,3,164,814,989
2563,5,3,2,3,814,164,989
2564,6,2,4,3,164,2740,2714
2565,6,4,2,3,2740,164,2714
2566,7,2,5,3,164,6482,4997
2567,7,5,2,3,6482,164,4997
2568,8,2,6,3,164,10850,6808
2569,8,6,2,3,10850,164,6808
2570,9,2,7,3,164,12734,6261
2571,9,7,2,3,12734,164,6261
2572,10,2,8,3,164,10219,4080
2573,10,8,2,3,10219,164,4080
2574,11,2,9,3,164,41492,16112
2575,11,9,2,3,41492,164,16112
2576,12,2,10,3,164,135045,51510
2577,12,10,2,3,135045,164,51510
2578,13,2,11,3,164,359276,129000
2579,13,11,2,3,359276,164,129000
2580,14,2,12,3,164,790379,270166
2581,14,12,2,3,790379,164,270166
2582,15,2,13,3,164,1444828,455151
2583,15,13,2,3,1444828,164,455151
2584,16,2,14,3,164,2194379,644764
2585,16,14,2,3,2194379,164,644764
2586,17,2,15,3,164,2758140,736618
2587,17,15,2,3,2758140,164,736618
2588,18,2,16,3,164,2847161,700230
2589,18,16,2,3,2847161,164,700230
2590,19,2,17,3,164,2384572,528192
2591,19,17,2,3,2384572,164,528192
2592,20,2,18,3,164,1591199,322324
2593,20,18,2,3,1591199,164,322324
2594,21,2,19,3,164,823812,149813
2595,21,19,2,3,823812,164,149813
2596,6,3,3,3,814,814,4076
2597,7,3,4,3,814,2740,10817
2598,7,4,3,3,2740,814,10817
2599,8,3,5,3,814,6482,20918
2600,8,5,3,3,6482,814,20918
2601,9,3,6,3,814,10850,27595
2602,9,6,3,3,10850,814,27595
2603,10,3,7,3,814,12734,26576
2604,10,7,3,3,12734,814,26576
2605,11,3,8,3,814,10219,17061
2606,11,8,3,3,10219,814,17061
2607,12,3,9,3,814,41492,69956
2608,12,9,3,3,41492,814,69956
2609,13,3,10,3,814,135045,218755
2610,13,10,3,3,135045,814,218755
2611,14,3,11,3,814,359276,564376
2612,14,11,3,3,359276,814,564376
2613,15,3,12,3,814,790379,1162614
2614,15,12,3,3,790379,814,1162614
2615,16,3,13,3,814,1444828,2010940
2616,16,13,3,3,1444828,814,2010940
2617,17,3,14,3,814,2194379,2814803
2618,17,14,3,3,2194379,814,2814803
2619,18,3,15,3,814,2758140,3303570
2620,18,15,3,3,2758140,814,3303570
2621,19,3,16,3,814,2847161,3120800
2622,19,16,3,3,2847161,814,3120800
2623,20,3,17,3,814,2384572,2431478
2624,20,17,3,3,2384572,814,2431478
2625,21,3,18,3,814,1591199,1487610
2626,21,18,3,3,1591199,814,1487610
2627,22,3,19,3,814,823812,721996
2628,22,19,3,3,823812,814,721996
2629,23,3,20,3,814,318065,259137
2630,23,20,3,3,318065,814,259137
2631,8,4,4,3,2740,2740,29832
2632,9,4,5,3,2740,6482,54978
2633,9,5,4,3,6482,2740,54978
2634,10,4,6,3,2740,10850,73826
2635,10,6,4,3,10850,2740,73826
2636,11,4,7,3,2740,12734,67512
2637,11,7,4,3,12734,2740,67512
2638,12,4,8,3,2740,10219,43872
2639,12,8,4,3,10219,2740,43872
2640,13,4,9,3,2740,41492,177567
2641,13,9,4,3,41492,2740,177567
2642,14,4,10,3,2740,135045,575720
2643,14,10,4,3,135045,2740,575720
2644,15,4,11,3,2740,359276,1460284
2645,15,11,4,3,359276,2740,1460284
2646,16,4,12,3,2740,790379,3077120
2647,16,12,4,3,790379,2740,3077120
2648,17,4,13,3,2740,1444828,5215984
2649,17,13,4,3,1444828,2740,5215984
2650,18,4,14,3,2740,2194379,7408962
2651,18,14,4,3,2194379,2740,7408962
2652,19,4,15,3,2740,2758140,8502710
2653,19,15,4,3,2758140,2740,8502710
2654,20,4,16,3,2740,2847161,8115182
2655,20,16,4,3,2847161,2740,8115182
2656,21,4,17,3,2740,2384572,6174063
2657,21,17,4,3,2384572,2740,6174063
2658,22,4,18,3,2740,1591199,3809788
2659,22,18,4,3,1591199,2740,3809788
2660,23,4,19,3,2740,823812,1803883
2661,23,19,4,3,823812,2740,1803883
2662,24,4,20,3,2740,318065,653240
2663,24,20,4,3,318065,2740,653240
2664,25,4,21,3,2740,1629468,3321832
2665,25,21,4,3,1629468,2740,3321832
2666,10,5,5,3,6482,6482,102332
2667,11,5,6,3,6482,10850,128911
2668,11,6,5,3,10850,6482,128911
2669,12,5,7,3,6482,12734,116876
2670,12,7,5,3,12734,6482,116876
2671,13,5,8,3,6482,10219,70363
2672,13,8,5,3,10219,6482,70363
2673,14,5,9,3,6482,41492,300560
2674,14,9,5,3,41492,6482,300560
2675,15,5,10,3,6482,135045,965343
2676,15,10,5,3,135045,6482,965343
2677,16,5,11,3,6482,359276,2519252
2678,16,11,5,3,359276,6482,2519252
2679,17,5,12,3,6482,790379,5204562
2680,17,12,5,3,790379,6482,5204562
2681,18,5,13,3,6482,1444828,8938586
2682,18,13,5,3,1444828,6482,8938586
2683,19,5,14,3,6482,2194379,12353084
2684,19,14,5,3,2194379,6482,12353084
2685,20,5,15,3,6482,2758140,14216180
2686,20,15,5,3,2758140,6482,14216180
2687,21,5,16,3,6482,2847161,13117578
2688,21,16,5,3,2847161,6482,13117578
2689,22,5,17,3,6482,2384572,9932150
2690,22,17,5,3,2384572,6482,9932150
2691,23,5,18,3,6482,1591199,5888785
2692,23,18,5,3,1591199,6482,5888785
2693,24,5,19,3,6482,823812,2758574
2694,24,19,5,3,823812,6482,2758574
2695,25,5,20,3,6482,318065,953573
2696,25,20,5,3,318065,6482,953573
2697,26,5,21,3,6482,1629468,5045148
2698,26,21,5,3,1629468,6482,5045148
2699,27,5,22,3,6482,6666695,20908020
2700,27,22,5,3,6666695,6482,20908020
2701,12,6,6,3,10850,10850,160084
2702,13,6,7,3,10850,12734,133365
2703,13,7,6,3,12734,10850,133365
2704,14,6,8,3,10850,10219,77244
2705,14,8,6,3,10219,10850,77244
2706,15,6,9,3,10850,41492,332907
2707,15,9,6,3,41492,10850,332907
2708,16,6,10,3,10850,135045,1117224
2709,16,10,6,3,135045,10850,1117224
2710,17,6,11,3,10850,359276,2878802
2711,17,11,6,3,359276,10850,2878802
2712,18,6,12,3,10850,790379,6059936
2713,18,12,6,3,790379,10850,6059936
2714,19,6,13,3,10850,1444828,10135543
2715,19,13,6,3,1444828,10850,10135543
2716,20,6,14,3,10850,2194379,14038500
2717,20,14,6,3,2194379,10850,14038500
2718,21,6,15,3,10850,2758140,15563029
2719,21,15,6,3,2758140,10850,15563029
2720,22,6,16,3,10850,2847161,14213788
2721,22,16,6,3,2847161,10850,14213788
2722,23,6,17,3,10850,2384572,10262017
2723,23,17,6,3,2384572,10850,10262017
2724,24,6,18,3,10850,1591199,5957670
2725,24,18,6,3,1591199,10850,5957670
2726,25,6,19,3,10850,823812,2631602
2727,25,19,6,3,823812,10850,2631602
2728,26,6,20,3,10850,318065,881254
2729,26,20,6,3,318065,10850,881254
2730,27,6,21,3,10850,1629468,4763962
2731,27,21,6,3,1629468,10850,4763962
2732,28,6,22,3,10850,6666695,20607074
2733,28,22,6,3,6666695,10850,20607074
2734,29,6,23,3,10850,22602132,71817472
2735,29,23,6,3,22602132,10850,71817472
2736,14,7,7,3,12734,12734,106468
2737,15,7,8,3,12734,10219,54781
2738,15,8,7,3,10219,12734,54781
2739,16,7,9,3,12734,41492,254864
2740,16,9,7,3,41492,12734,254864
2741,17,7,10,3,12734,135045,858744
2742,17,10,7,3,135045,12734,858744
2743,18,7,11,3,12734,359276,2286464
2744,18,11,7,3,359276,12734,2286464
2745,19,7,12,3,12734,790379,4717972
2746,19,12,7,3,790379,12734,4717972
2747,20,7,13,3,12734,1444828,7949438
2748,20,13,7,3,1444828,12734,7949438
2749,21,7,14,3,12734,2194379,10614012
2750,21,14,7,3,2194379,12734,10614012
2751,22,7,15,3,12734,2758140,11638264
2752,22,15,7,3,2758140,12734,11638264
2753,23,7,16,3,12734,2847161,10096745
2754,23,16,7,3,2847161,12734,10096745
2755,24,7,17,3,12734,2384572,7097416
2756,24,17,7,3,2384572,12734,7097416
2757,25,7,18,3,12734,1591199,3853029
2758,25,18,7,3,1591199,12734,3853029
2759,26,7,19,3,12734,823812,1629690
2760,26,19,7,3,823812,12734,1629690
2761,27,7,20,3,12734,318065,499633
2762,27,20,7,3,318065,12734,499633
2763,28,7,21,3,12734,1629468,2900616
2764,28,21,7,3,1629468,12734,2900616
2765,29,7,22,3,12734,6666695,12892589
2766,29,22,7,3,6666695,12734,12892589
2767,30,7,23,3,12734,22602132,46935140
2768,30,23,7,3,22602132,12734,46935140
2769,31,7,24,3,12734,64974275,139809651
2770,31,24,7,3,64974275,12734,139809651
2771,16,8,8,3,10219,10219,25800
2772,17,8,9,3,10219,41492,125238
2773,17,9,8,3,41492,10219,125238
2774,18,8,10,3,10219,135045,449222
2775,18,10,8,3,135045,10219,449222
2776,19,8,11,3,10219,359276,1190858
2777,19,11,8,3,359276,10219,1190858
2778,20,8,12,3,10219,790379,2507148
2779,20,12,8,3,790379,10219,2507148
2780,21,8,13,3,10219,1444828,4094874
2781,21,13,8,3,1444828,10219,4094874
2782,22,8,14,3,10219,2194379,5429010
2783,22,14,8,3,2194379,10219,5429010
2784,23,8,15,3,10219,2758140,5650766
2785,23,15,8,3,2758140,10219,5650766
2786,24,8,16,3,10219,2847161,4761712
2787,24,16,8,3,2847161,10219,4761712
2788,25,8,17,3,10219,2384572,3110960
2789,25,17,8,3,2384572,10219,3110960
2790,26,8,18,3,10219,1591199,1603266
2791,26,18,8,3,1591199,10219,1603266
2792,27,8,19,3,10219,823812,612755
2793,27,19,8,3,823812,10219,612755
2794,28,8,20,3,10219,318065,172274
2795,28,20,8,3,318065,10219,172274
2796,29,8,21,3,10219,1629468,1067648
2797,29,21,8,3,1629468,10219,1067648
2798,30,8,22,3,10219,6666695,5116612
2799,30,22,8,3,6666695,10219,5116612
2800,31,8,23,3,10219,22602132,19210606
2801,31,23,8,3,22602132,10219,19210606
2802,32,8,24,3,10219,64974275,59760864
2803,32,24,8,3,64974275,10219,59760864
2804,33,8,25,3,10219,160747600,NaN
2805,33,25,8,3,160747600,10219,NaN
2806,18,9,9,3,41492,41492,604224
2807,19,9,10,3,41492,135045,2087336
2808,19,10,9,3,135045,41492,2087336
2809,20,9,11,3,41492,359276,5624380
2810,20,11,9,3,359276,41492,5624380
2811,21,9,12,3,41492,790379,11664233
2812,21,12,9,3,790379,41492,11664233
2813,22,9,13,3,41492,1444828,19586026
2814,22,13,9,3,1444828,41492,19586026
2815,23,9,14,3,41492,2194379,25947510
2816,23,14,9,3,2194379,41492,25947510
2817,24,9,15,3,41492,2758140,28065082
2818,24,15,9,3,2758140,41492,28065082
2819,25,9,16,3,41492,2847161,23950212
2820,25,16,9,3,2847161,41492,23950212
2821,26,9,17,3,41492,2384572,16489096
2822,26,17,9,3,2384572,41492,16489096
2823,27,9,18,3,41492,1591199,8750560
2824,27,18,9,3,1591199,41492,8750560
2825,28,9,19,3,41492,823812,3604234
2826,28,19,9,3,823812,41492,3604234
2827,29,9,20,3,41492,318065,1073970
2828,29,20,9,3,318065,41492,1073970
2829,30,9,21,3,41492,1629468,6404612
2830,30,21,9,3,1629468,41492,6404612
2831,31,9,22,3,41492,6666695,29097435
2832,31,22,9,3,6666695,41492,29097435
2833,32,9,23,3,41492,22602132,107688108
2834,32,23,9,3,22602132,41492,107688108
2835,33,9,24,3,41492,64974275,324942714
2836,33,24,9,3,64974275,41492,324942714
2837,34,9,25,3,41492,160747600,NaN
2838,34,25,9,3,160747600,41492,NaN
2839,35,9,26,3,41492,NaN,NaN
2840,35,26,9,3,NaN,41492,NaN
2841,20,10,10,3,135045,135045,7312436
2842,21,10,11,3,135045,359276,19331382
2843,21,11,10,3,359276,135045,19331382
2844,22,10,12,3,135045,790379,40913408
2845,22,12,10,3,790379,135045,40913408
2846,23,10,13,3,135045,1444828,68050188
2847,23,13,10,3,1444828,135045,68050188
2848,24,10,14,3,135045,2194379,92445822
2849,24,14,10,3,2194379,135045,92445822
2850,25,10,15,3,135045,2758140,99795387
2851,25,15,10,3,2758140,135045,99795387
2852,26,10,16,3,135045,2847161,87873318
2853,26,16,10,3,2847161,135045,87873318
2854,27,10,17,3,135045,2384572,60873069
2855,27,17,10,3,2384572,135045,60873069
2856,28,10,18,3,135045,1591199,33647588
2857,28,18,10,3,1591199,135045,33647588
2858,29,10,19,3,135045,823812,14099892
2859,29,19,10,3,823812,135045,14099892
2860,30,10,20,3,135045,318065,4446528
2861,30,20,10,3,318065,135045,4446528
2862,31,10,21,3,135045,1629468,25390121
2863,31,21,10,3,1629468,135045,25390121
2864,32,10,22,3,135045,6666695,114550560
2865,32,22,10,3,6666695,135045,114550560
2866,33,10,23,3,135045,22602132,412985087
2867,33,23,10,3,22602132,135045,412985087
2868,34,10,24,3,135045,64974275,1247815216
2869,34,24,10,3,64974275,135045,1247815216
2870,35,10,25,3,135045,160747600,NaN
2871,35,25,10,3,160747600,135045,NaN
2872,36,10,26,3,135045,NaN,NaN
2873,36,26,10,3,NaN,135045,NaN
2874,37,10,27,3,135045,NaN,NaN
2875,37,27,10,3,NaN,135045,NaN
2876,22,11,11,3,359276,359276,52038844
2877,23,11,12,3,359276,790379,108694326
2878,23,12,11,3,790379,359276,108694326
2879,24,11,13,3,359276,1444828,184193062
2880,24,13,11,3,1444828,359276,184193062
2881,25,11,14,3,359276,2194379,247878133
2882,25,14,11,3,2194379,359276,247878133
2883,26,11,15,3,359276,2758140,273029494
2884,26,15,11,3,2758140,359276,273029494
2885,27,11,16,3,359276,2847161,238998721
2886,27,16,11,3,2847161,359276,238998721
2887,28,11,17,3,359276,2384572,169476050
2888,28,17,11,3,2384572,359276,169476050
2889,29,11,18,3,359276,1591199,93528983
2890,29,18,11,3,1591199,359276,93528983
2891,30,11,19,3,359276,823812,40351912
2892,30,19,11,3,823812,359276,40351912
2893,31,11,20,3,359276,318065,12783895
2894,31,20,11,3,318065,359276,12783895
2895,32,11,21,3,359276,1629468,73136212
2896,32,21,11,3,1629468,359276,73136212
2897,33,11,22,3,359276,6666695,323184871
2898,33,22,11,3,6666695,359276,323184871
2899,34,11,23,3,359276,22602132,1171578520
2900,34,23,11,3,22602132,359276,1171578520
2901,35,11,24,3,359276,64974275,NaN
2902,35,24,11,3,64974275,359276,NaN
2903,36,11,25,3,359276,160747600,NaN
2904,36,25,11,3,160747600,359276,NaN
2905,37,11,26,3,359276,NaN,NaN
2906,37,26,11,3,NaN,359276,NaN
2907,38,11,27,3,359276,NaN,NaN
2908,38,27,11,3,NaN,359276,NaN
2909,39,11,28,3,359276,NaN,NaN
2910,39,28,11,3,NaN,359276,NaN
2911,24,12,12,3,790379,790379,230854972
2912,25,12,13,3,790379,1444828,386288618
2913,25,13,12,3,1444828,790379,386288618
2914,26,12,14,3,790379,2194379,527473596
2915,26,14,12,3,2194379,790379,527473596
2916,27,12,15,3,790379,2758140,573916648
2917,27,15,12,3,2758140,790379,573916648
2918,28,12,16,3,790379,2847161,509411664
2919,28,16,12,3,2847161,790379,509411664
2920,29,12,17,3,790379,2384572,357045218
2921,29,17,12,3,2384572,790379,357045218
2922,30,12,18,3,790379,1591199,199961386
2923,30,18,12,3,1591199,790379,199961386
2924,31,12,19,3,790379,823812,85356620
2925,31,19,12,3,823812,790379,85356620
2926,32,12,20,3,790379,318065,27509546
2927,32,20,12,3,318065,790379,27509546
2928,33,12,21,3,790379,1629468,155249712
2929,33,21,12,3,1629468,790379,155249712
2930,34,12,22,3,790379,6666695,694113922
2931,34,22,12,3,6666695,790379,694113922
2932,35,12,23,3,790379,22602132,-1804762520
2933,35,23,12,3,22602132,790379,-1804762520
2934,36,12,24,3,790379,64974275,NaN
2935,36,24,12,3,64974275,790379,NaN
2936,37,12,25,3,790379,160747600,NaN
2937,37,25,12,3,160747600,790379,NaN
2938,38,12,26,3,790379,NaN,NaN
2939,38,26,12,3,NaN,790379,NaN
2940,39,12,27,3,790379,NaN,NaN
2941,39,27,12,3,NaN,790379,NaN
2942,40,12,28,3,790379,NaN,NaN
2943,40,28,12,3,NaN,790379,NaN
2944,26,13,13,3,1444828,1444828,654736236
2945,27,13,14,3,1444828,2194379,880685067
2946,27,14,13,3,2194379,1444828,880685067
2947,28,13,15,3,1444828,2758140,966973488
2948,28,15,13,3,2758140,1444828,966973488
2949,29,13,16,3,1444828,2847161,843784690
2950,29,16,13,3,2847161,1444828,843784690
2951,30,13,17,3,1444828,2384572,595366712
2952,30,17,13,3,2384572,1444828,595366712
2953,31,13,18,3,1444828,1591199,327156582
2954,31,18,13,3,1591199,1444828,327156582
2955,32,13,19,3,1444828,823812,140377606
2956,32,19,13,3,823812,1444828,140377606
2957,33,13,20,3,1444828,318065,44290259
2958,33,20,13,3,318065,1444828,44290259
2959,34,13,21,3,1444828,1629468,255158150
2960,34,21,13,3,1629468,1444828,255158150
2961,35,13,22,3,1444828,6666695,1135343498
2962,35,22,13,3,6666695,1444828,1135343498
2963,36,13,23,3,1444828,22602132,-158267120
2964,36,23,13,3,22602132,1444828,-158267120
2965,37,13,24,3,1444828,64974275,NaN
2966,37,24,13,3,64974275,1444828,NaN
2967,38,13,25,3,1444828,160747600,NaN
2968,38,25,13,3,160747600,1444828,NaN
2969,39,13,26,3,1444828,NaN,NaN
2970,39,26,13,3,NaN,1444828,NaN
2971,40,13,27,3,1444828,NaN,NaN
2972,40,27,13,3,NaN,1444828,NaN
2973,41,13,28,3,1444828,NaN,NaN
2974,41,28,13,3,NaN,1444828,NaN
2975,28,14,14,3,2194379,2194379,1193649164
2976,29,14,15,3,2194379,2758140,1285371657
2977,29,15,14,3,2758140,2194379,1285371657
2978,30,14,16,3,2194379,2847161,1124477020
2979,30,16,14,3,2847161,2194379,1124477020
2980,31,14,17,3,2194379,2384572,774953063
2981,31,17,14,3,2384572,2194379,774953063
2982,32,14,18,3,2194379,1591199,425153164
2983,32,18,14,3,1591199,2194379,425153164
2984,33,14,19,3,2194379,823812,177359158
2985,33,19,14,3,823812,2194379,177359158
2986,34,14,20,3,2194379,318065,55643412
2987,34,20,14,3,318065,2194379,55643412
2988,35,14,21,3,2194379,1629468,321630190
2989,35,21,14,3,1629468,2194379,321630190
2990,36,14,22,3,2194379,6666695,1464615380
2991,36,22,14,3,6666695,2194379,1464615380
2992,37,14,23,3,2194379,22602132,NaN
2993,37,23,14,3,22602132,2194379,NaN
2994,38,14,24,3,2194379,64974275,NaN
2995,38,24,14,3,64974275,2194379,NaN
2996,39,14,25,3,2194379,160747600,NaN
2997,39,25,14,3,160747600,2194379,NaN
2998,40,14,26,3,2194379,NaN,NaN
2999,40,26,14,3,NaN,2194379,NaN
3000,41,14,27,3,2194379,NaN,NaN
3001,41,27,14,3,NaN,2194379,NaN
3002,42,14,28,3,2194379,NaN,NaN
3003,42,28,14,3,NaN,2194379,NaN
3004,30,15,15,3,2758140,2758140,1385890908
3005,31,15,16,3,2758140,2847161,1181788278
3006,31,16,15,3,2847161,2758140,1181788278
3007,32,15,17,3,2758140,2384572,810264836
3008,32,17,15,3,2384572,2758140,810264836
3009,33,15,18,3,2758140,1591199,430530071
3010,33,18,15,3,1591199,2758140,430530071
3011,34,15,19,3,2758140,823812,177557244
3012,34,19,15,3,823812,2758140,177557244
3013,35,15,20,3,2758140,318065,53520724
3014,35,20,15,3,318065,2758140,53520724
3015,36,15,21,3,2758140,1629468,320248290
3016,36,21,15,3,1629468,2758140,320248290
3017,37,15,22,3,2758140,6666695,1467777127
3018,37,22,15,3,6666695,2758140,1467777127
3019,38,15,23,3,2758140,22602132,NaN
3020,38,23,15,3,22602132,2758140,NaN
3021,39,15,24,3,2758140,64974275,NaN
3022,39,24,15,3,64974275,2758140,NaN
3023,40,15,25,3,2758140,160747600,NaN
3024,40,25,15,3,160747600,2758140,NaN
3025,41,15,26,3,2758140,NaN,NaN
3026,41,26,15,3,NaN,2758140,NaN
3027,42,15,27,3,2758140,NaN,NaN
3028,42,27,15,3,NaN,2758140,NaN
3029,43,15,28,3,2758140,NaN,NaN
3030,43,28,15,3,NaN,2758140,NaN
3031,32,16,16,3,2847161,2847161,1001459896
3032,33,16,17,3,2847161,2384572,663865945
3033,33,17,16,3,2384572,2847161,663865945
3034,34,16,18,3,2847161,1591199,347664060
3035,34,18,16,3,1591199,2847161,347664060
3036,35,16,19,3,2847161,823812,137310961
3037,35,19,16,3,823812,2847161,137310961
3038,36,16,20,3,2847161,318065,40396954
3039,36,20,16,3,318065,2847161,40396954
3040,37,16,21,3,2847161,1629468,246031583
3041,37,21,16,3,1629468,2847161,246031583
3042,38,16,22,3,2847161,6666695,1166325754
3043,38,22,16,3,6666695,2847161,1166325754
3044,39,16,23,3,2847161,22602132,NaN
3045,39,23,16,3,22602132,2847161,NaN
3046,40,16,24,3,2847161,64974275,NaN
3047,40,24,16,3,64974275,2847161,NaN
3048,41,16,25,3,2847161,160747600,NaN
3049,41,25,16,3,160747600,2847161,NaN
3050,42,16,26,3,2847161,NaN,NaN
3051,42,26,16,3,NaN,2847161,NaN
3052,43,16,27,3,2847161,NaN,NaN
3053,43,27,16,3,NaN,2847161,NaN
3054,44,16,28,3,2847161,NaN,NaN
3055,44,28,16,3,NaN,2847161,NaN
3056,34,17,17,3,2384572,2384572,433326736
3057,35,17,18,3,2384572,1591199,217004554
3058,35,18,17,3,1591199,2384572,217004554
3059,36,17,19,3,2384572,823812,83428330
3060,36,19,17,3,823812,2384572,83428330
3061,37,17,20,3,2384572,318065,23116062
3062,37,20,17,3,318065,2384572,23116062
3063,38,17,21,3,2384572,1629468,148084096
3064,38,21,17,3,1629468,2384572,148084096
3065,39,17,22,3,2384572,6666695,714646779
3066,39,22,17,3,6666695,2384572,714646779
3067,40,17,23,3,2384572,22602132,-1526751500
3068,40,23,17,3,22602132,2384572,-1526751500
3069,41,17,24,3,2384572,64974275,NaN
3070,41,24,17,3,64974275,2384572,NaN
3071,42,17,25,3,2384572,160747600,NaN
3072,42,25,17,3,160747600,2384572,NaN
3073,43,17,26,3,2384572,NaN,NaN
3074,43,26,17,3,NaN,2384572,NaN
3075,44,17,27,3,2384572,NaN,NaN
3076,44,27,17,3,NaN,2384572,NaN
3077,45,17,28,3,2384572,NaN,NaN
3078,45,28,17,3,NaN,2384572,NaN
3079,36,18,18,3,1591199,1591199,105695896
3080,37,18,19,3,1591199,823812,38222328
3081,37,19,18,3,823812,1591199,38222328
3082,38,18,20,3,1591199,318065,10108486
3083,38,20,18,3,318065,1591199,10108486
3084,39,18,21,3,1591199,1629468,67130507
3085,39,21,18,3,1629468,1591199,67130507
3086,40,18,22,3,1591199,6666695,339815104
3087,40,22,18,3,6666695,1591199,339815104
3088,41,18,23,3,1591199,22602132,1338365429
3089,41,23,18,3,22602132,1591199,1338365429
3090,42,18,24,3,1591199,64974275,NaN
3091,42,24,18,3,64974275,1591199,NaN
3092,43,18,25,3,1591199,160747600,NaN
3093,43,25,18,3,160747600,1591199,NaN
3094,44,18,26,3,1591199,NaN,NaN
3095,44,26,18,3,NaN,1591199,NaN
3096,45,18,27,3,1591199,NaN,NaN
3097,45,27,18,3,NaN,1591199,NaN
3098,46,18,28,3,1591199,NaN,NaN
3099,46,28,18,3,NaN,1591199,NaN
3100,38,19,19,3,823812,823812,13183656
3101,39,19,20,3,823812,318065,3184411
3102,39,20,19,3,318065,823812,3184411
3103,40,19,21,3,823812,1629468,22837020
3104,40,21,19,3,1629468,823812,22837020
3105,41,19,22,3,823812,6666695,119652818
3106,41,22,19,3,6666695,823812,119652818
3107,42,19,23,3,823812,22602132,492654372
3108,42,23,19,3,22602132,823812,492654372
3109,43,19,24,3,823812,64974275,1610080502
3110,43,24,19,3,64974275,823812,1610080502
3111,44,19,25,3,823812,160747600,NaN
3112,44,25,19,3,160747600,823812,NaN
3113,45,19,26,3,823812,NaN,NaN
3114,45,26,19,3,NaN,823812,NaN
3115,46,19,27,3,823812,NaN,NaN
3116,46,27,19,3,NaN,823812,NaN
3117,47,19,28,3,823812,NaN,NaN
3118,47,28,19,3,NaN,823812,NaN
3119,40,20,20,3,318065,318065,704892
3120,41,20,21,3,318065,1629468,5431024
3121,41,21,20,3,1629468,318065,5431024
3122,42,20,22,3,318065,6666695,30605916
3123,42,22,20,3,6666695,318065,30605916
3124,43,20,23,3,318065,22602132,130114881
3125,43,23,20,3,22602132,318065,130114881
3126,44,20,24,3,318065,64974275,442809508
3127,44,24,20,3,64974275,318065,442809508
3128,45,20,25,3,318065,160747600,NaN
3129,45,25,20,3,160747600,318065,NaN
3130,46,20,26,3,318065,NaN,NaN
3131,46,26,20,3,NaN,318065,NaN
3132,47,20,27,3,318065,NaN,NaN
3133,47,27,20,3,NaN,318065,NaN
3134,48,20,28,3,318065,NaN,NaN
3135,48,28,20,3,NaN,318065,NaN
3136,42,21,21,3,1629468,1629468,39606112
3137,43,21,22,3,1629468,6666695,210317302
3138,43,22,21,3,6666695,1629468,210317302
3139,44,21,23,3,1629468,22602132,874270114
3140,44,23,21,3,22602132,1629468,874270114
3141,45,21,24,3,1629468,64974275,NaN
3142,45,24,21,3,64974275,1629468,NaN
3143,46,21,25,3,1629468,160747600,NaN
3144,46,25,21,3,160747600,1629468,NaN
3145,47,21,26,3,1629468,NaN,NaN
3146,47,26,21,3,NaN,1629468,NaN
3147,48,21,27,3,1629468,NaN,NaN
3148,48,27,21,3,NaN,1629468,NaN
3149,49,21,28,3,1629468,NaN,NaN
3150,49,28,21,3,NaN,1629468,NaN
3151,44,22,22,3,6666695,6666695,1091652456
3152,45,22,23,3,6666695,22602132,92971088
3153,45,23,22,3,22602132,6666695,92971088
3154,46,22,24,3,6666695,64974275,NaN
3155,46,24,22,3,64974275,6666695,NaN
3156,47,22,25,3,6666695,160747600,NaN
3157,47,25,22,3,160747600,6666695,NaN
3158,48,22,26,3,6666695,NaN,NaN
3159,48,26,22,3,NaN,6666695,NaN
3160,49,22,27,3,6666695,NaN,NaN
3161,49,27,22,3,NaN,6666695,NaN
3162,50,22,28,3,6666695,NaN,NaN
3163,50,28,22,3,NaN,6666695,NaN
3164,46,23,23,3,22602132,22602132,NaN
3165,47,23,24,3,22602132,64974275,NaN
3166,47,24,23,3,64974275,22602132,NaN
3167,48,23,25,3,22602132,NaN,NaN
3168,48,25,23,3,NaN,22602132,NaN
3169,49,23,26,3,22602132,NaN,NaN
3170,49,26,23,3,NaN,22602132,NaN
3171,50,23,27,3,22602132,NaN,NaN
3172,50,27,23,3,NaN,22602132,NaN
3173,51,23,28,3,22602132,NaN,NaN
3174,51,28,23,3,NaN,22602132,NaN
3175,48,24,24,3,64974275,64974275,NaN
3176,49,24,25,3,64974275,NaN,NaN
3177,49,25,24,3,NaN,64974275,NaN
3178,50,24,26,3,64974275,NaN,NaN
3179,50,26,24,3,NaN,64974275,NaN
3180,51,24,27,3,64974275,NaN,NaN
3181,51,27,24,3,NaN,64974275,NaN
3182,52,24,28,3,64974275,NaN,NaN
3183,52,28,24,3,NaN,64974275,NaN
3184,50,25,25,3,160747600,NaN,NaN
3185,51,25,26,3,160747600,NaN,NaN
3186,51,26,25,3,NaN,160747600,NaN
3187,52,25,27,3,160747600,NaN,NaN
3188,52,27,25,3,NaN,160747600,NaN
3189,53,25,28,3,160747600,NaN,NaN
3190,53,28,25,3,NaN,160747600,NaN
3191,52,26,26,3,NaN,NaN,NaN
3192,53,26,27,3,NaN,NaN,NaN
3193,53,27,26,3,NaN,NaN,NaN
3194,54,26,28,3,NaN,NaN,NaN
3195,54,28,26,3,NaN,NaN,NaN
3196,54,27,27,3,NaN,NaN,NaN
3197,55,27,28,3,NaN,NaN,NaN
3198,55,28,27,3,NaN,NaN,NaN
3199,56,28,28,3,NaN,NaN,NaN
3200,2,1,1,4,70,70,116
3201,3,1,2,4,70,410,388
3202,3,2,1,4,410,70,388
3203,4,1,3,4,70,2392,1834
3204,4,3,1,4,2392,70,1834
3205,5,1,4,4,70,9152,5766
3206,5,4,1,4,9152,70,5766
3207,6,1,5,4,70,24392,13562
3208,6,5,1,4,24392,70,13562
3209,7,1,6,4,70,46565,22490
3210,7,6,1,4,46565,70,22490
3211,8,1,7,4,70,63910,28066
3212,8,7,1,4,63910,70,28066
3213,9,1,8,4,70,62152,24402
3214,9,8,1,4,62152,70,24402
3215,10,1,9,4,70,243962,91270
3216,10,9,1,4,243962,70,91270
3217,11,1,10,4,70,788199,274804
3218,11,10,1,4,788199,70,274804
3219,12,1,11,4,70,2123114,707368
3220,12,11,1,4,2123114,70,707368
3221,13,1,12,4,70,4800513,1501572
3222,13,12,1,4,4800513,70,1501572
3223,14,1,13,4,70,9139894,2740650
3224,14,13,1,4,9139894,70,2740650
3225,15,1,14,4,70,14655839,4150334
3226,15,14,1,4,14655839,70,4150334
3227,16,1,15,4,70,19738118,5378370
3228,16,15,1,4,19738118,70,5378370
3229,17,1,16,4,70,22198439,5746293
3230,17,16,1,4,22198439,70,5746293
3231,18,1,17,4,70,20659534,5174868
3232,18,17,1,4,20659534,70,5174868
3233,19,1,18,4,70,15704597,3766151
3234,19,18,1,4,15704597,70,3766151
3235,4,2,2,4,410,410,952
3236,5,2,3,4,410,2392,3898
3237,5,3,2,4,2392,410,3898
3238,6,2,4,4,410,9152,11658
3239,6,4,2,4,9152,410,11658
3240,7,2,5,4,410,24392,23907
3241,7,5,2,4,24392,410,23907
3242,8,2,6,4,410,46565,36779
3243,8,6,2,4,46565,410,36779
3244,9,2,7,4,410,63910,39395
3245,9,7,2,4,63910,410,39395
3246,10,2,8,4,410,62152,30931
3247,10,8,2,4,62152,410,30931
3248,11,2,9,4,410,243962,116279
3249,11,9,2,4,243962,410,116279
3250,12,2,10,4,410,788199,363512
3251,12,10,2,4,788199,410,363512
3252,13,2,11,4,410,2123114,913314
3253,13,11,2,4,2123114,410,913314
3254,14,2,12,4,410,4800513,1948252
3255,14,12,2,4,4800513,410,1948252
3256,15,2,13,4,410,9139894,3405285
3257,15,13,2,4,9139894,410,3405285
3258,16,2,14,4,410,14655839,5068890
3259,16,14,2,4,14655839,410,5068890
3260,17,2,15,4,410,19738118,6192452
3261,17,15,2,4,19738118,410,6192452
3262,18,2,16,4,410,22198439,6386848
3263,18,16,2,4,22198439,410,6386848
3264,19,2,17,4,410,20659534,5340725
3265,19,17,2,4,20659534,410,5340725
3266,20,2,18,4,410,15704597,3689506
3267,20,18,2,4,15704597,410,3689506
3268,21,2,19,4,410,9572862,2004926
3269,21,19,2,4,9572862,410,2004926
3270,6,3,3,4,2392,2392,17040
3271,7,3,4,4,2392,9152,48917
3272,7,4,3,4,9152,2392,48917
3273,8,3,5,4,2392,24392,103364
3274,8,5,3,4,24392,2392,103364
3275,9,3,6,4,2392,46565,152791
3276,9,6,3,4,46565,2392,152791
3277,10,3,7,4,2392,63910,168260
3278,10,7,3,4,63910,2392,168260
3279,11,3,8,4,2392,62152,128510
3280,11,8,3,4,62152,2392,128510
3281,12,3,9,4,2392,243962,501540
3282,12,9,3,4,243962,2392,501540
3283,13,3,10,4,2392,788199,1542184
3284,13,10,3,4,788199,2392,1542184
3285,14,3,11,4,2392,2123114,3981598
3286,14,11,3,4,2123114,2392,3981598
3287,15,3,12,4,2392,4800513,8367165
3288,15,12,3,4,4800513,2392,8367165
3289,16,3,13,4,2392,9139894,14946138
3290,16,13,3,4,9139894,2392,14946138
3291,17,3,14,4,2392,14655839,21955216
3292,17,14,3,4,14655839,2392,21955216
3293,18,3,15,4,2392,19738118,27378400
3294,18,15,3,4,19738118,2392,27378400
3295,19,3,16,4,2392,22198439,27967539
3296,19,16,3,4,22198439,2392,27967539
3297,20,3,17,4,2392,20659534,23943130
3298,20,17,3,4,20659534,2392,23943130
3299,21,3,18,4,2392,15704597,16487946
3300,21,18,3,4,15704597,2392,16487946
3301,22,3,19,4,2392,9572862,9247790
3302,22,19,3,4,9572862,2392,9247790
3303,23,3,20,4,2392,4557524,4003964
3304,23,20,3,4,4557524,2392,4003964
3305,8,4,4,4,9152,9152,143792
3306,9,4,5,4,9152,24392,288930
3307,9,5,4,4,24392,9152,288930
3308,10,4,6,4,9152,46565,430137
3309,10,6,4,4,46565,9152,430137
3310,11,4,7,4,9152,63910,449266
3311,11,7,4,4,63910,9152,449266
3312,12,4,8,4,9152,62152,343857
3313,12,8,4,4,62152,9152,343857
3314,13,4,9,4,9152,243962,1327285
3315,13,9,4,4,243962,9152,1327285
3316,14,4,10,4,9152,788199,4209554
3317,14,10,4,4,788199,9152,4209554
3318,15,4,11,4,9152,2123114,10694401
3319,15,11,4,4,2123114,9152,10694401
3320,16,4,12,4,9152,4800513,22896898
3321,16,12,4,4,4800513,9152,22896898
3322,17,4,13,4,9152,9139894,40098138
3323,17,13,4,4,9139894,9152,40098138
3324,18,4,14,4,9152,14655839,59557940
3325,18,14,4,4,14655839,9152,59557940
3326,19,4,15,4,9152,19738118,72631247
3327,19,15,4,4,19738118,9152,72631247
3328,20,4,16,4,9152,22198439,74682208
3329,20,16,4,4,22198439,9152,74682208
3330,21,4,17,4,9152,20659534,62428907
3331,21,17,4,4,20659534,9152,62428907
3332,22,4,18,4,9152,15704597,43177850
3333,22,18,4,4,15704597,9152,43177850
3334,23,4,19,4,9152,9572862,23626966
3335,23,19,4,4,9572862,9152,23626966
3336,24,4,20,4,9152,4557524,10271175
3337,24,20,4,4,4557524,9152,10271175
3338,25,4,21,4,9152,20339790,46253198
3339,25,21,4,4,20339790,9152,46253198
3340,10,5,5,4,24392,24392,581740
3341,11,5,6,4,24392,46565,814092
3342,11,6,5,4,46565,24392,814092
3343,12,5,7,4,24392,63910,838670
3344,12,7,5,4,63910,24392,838670
3345,13,5,8,4,24392,62152,597472
3346,13,8,5,4,62152,24392,597472
3347,14,5,9,4,24392,243962,2409594
3348,14,9,5,4,243962,24392,2409594
3349,15,5,10,4,24392,788199,7560630
3350,15,10,5,4,788199,24392,7560630
3351,16,5,11,4,24392,2123114,19651110
3352,16,11,5,4,2123114,24392,19651110
3353,17,5,12,4,24392,4800513,41245873
3354,17,12,5,4,4800513,24392,41245873
3355,18,5,13,4,24392,9139894,72933636
3356,18,13,5,4,9139894,24392,72933636
3357,19,5,14,4,24392,14655839,105484158
3358,19,14,5,4,14655839,24392,105484158
3359,20,5,15,4,24392,19738118,128686746
3360,20,15,5,4,19738118,24392,128686746
3361,21,5,16,4,24392,22198439,128103594
3362,21,16,5,4,22198439,24392,128103594
3363,22,5,17,4,24392,20659534,106358020
3364,22,17,5,4,20659534,24392,106358020
3365,23,5,18,4,24392,15704597,70815990
3366,23,18,5,4,15704597,24392,70815990
3367,24,5,19,4,24392,9572862,38249336
3368,24,19,5,4,9572862,24392,38249336
3369,25,5,20,4,24392,4557524,15903979
3370,25,20,5,4,4557524,24392,15903979
3371,26,5,21,4,24392,20339790,74182738
3372,26,21,5,4,20339790,24392,74182738
3373,27,5,22,4,24392,75830075,282003103
3374,27,22,5,4,75830075,24392,282003103
3375,12,6,6,4,46565,46565,1118926
3376,13,6,7,4,46565,63910,1065847
3377,13,7,6,4,63910,46565,1065847
3378,14,6,8,4,46565,62152,731140
3379,14,8,6,4,62152,46565,731140
3380,15,6,9,4,46565,243962,2956493
3381,15,9,6,4,243962,46565,2956493
3382,16,6,10,4,46565,788199,9601590
3383,16,10,6,4,788199,46565,9601590
3384,17,6,11,4,46565,2123114,24596409
3385,17,11,6,4,2123114,46565,24596409
3386,18,6,12,4,46565,4800513,52352269
3387,18,12,6,4,4800513,46565,52352269
3388,19,6,13,4,46565,9139894,90193041
3389,19,13,6,4,9139894,46565,90193041
3390,20,6,14,4,46565,14655839,130429962
3391,20,14,6,4,14655839,46565,130429962
3392,21,6,15,4,46565,19738118,153572095
3393,21,15,6,4,19738118,46565,153572095
3394,22,6,16,4,46565,22198439,151151585
3395,22,16,6,4,22198439,46565,151151585
3396,23,6,17,4,46565,20659534,120020157
3397,23,17,6,4,20659534,46565,120020157
3398,24,6,18,4,46565,15704597,78204580
3399,24,18,6,4,15704597,46565,78204580
3400,25,6,19,4,46565,9572862,39982938
3401,25,19,6,4,9572862,46565,39982938
3402,26,6,20,4,46565,4557524,16087982
3403,26,20,6,4,4557524,46565,16087982
3404,27,6,21,4,46565,20339790,76510220
3405,27,21,6,4,20339790,46565,76510220
3406,28,6,22,4,46565,75830075,301862590
3407,28,22,6,4,75830075,46565,301862590
3408,29,6,23,4,46565,NaN,NaN
3409,29,23,6,4,NaN,46565,NaN
3410,14,7,7,4,63910,63910,974604
3411,15,7,8,4,63910,62152,602455
3412,15,8,7,4,62152,63910,602455
3413,16,7,9,4,63910,243962,2581204
3414,16,9,7,4,243962,63910,2581204
3415,17,7,10,4,63910,788199,8366771
3416,17,10,7,4,788199,63910,8366771
3417,18,7,11,4,63910,2123114,21972254
3418,18,11,7,4,2123114,63910,21972254
3419,19,7,12,4,63910,4800513,45801264
3420,19,12,7,4,4800513,63910,45801264
3421,20,7,13,4,63910,9139894,79225966
3422,20,13,7,4,9139894,63910,79225966
3423,21,7,14,4,63910,14655839,110641629
3424,21,14,7,4,14655839,63910,110641629
3425,22,7,15,4,63910,19738118,128751934
3426,22,15,7,4,19738118,63910,128751934
3427,23,7,16,4,63910,22198439,120834522
3428,23,16,7,4,22198439,63910,120834522
3429,24,7,17,4,63910,20659534,93491114
3430,24,17,7,4,20659534,63910,93491114
3431,25,7,18,4,63910,15704597,57287358
3432,25,18,7,4,15704597,63910,57287358
3433,26,7,19,4,63910,9572862,28099240
3434,26,19,7,4,9572862,63910,28099240
3435,27,7,20,4,63910,4557524,10436983
3436,27,20,7,4,4557524,63910,10436983
3437,28,7,21,4,63910,20339790,52727512
3438,28,21,7,4,20339790,63910,52727512
3439,29,7,22,4,63910,75830075,212757034
3440,29,22,7,4,75830075,63910,212757034
3441,30,7,23,4,63910,NaN,NaN
3442,30,23,7,4,NaN,63910,NaN
3443,31,7,24,4,63910,NaN,NaN
3444,31,24,7,4,NaN,63910,NaN
3445,16,8,8,4,62152,62152,345365
3446,17,8,9,4,62152,243962,1517012
3447,17,9,8,4,243962,62152,1517012
3448,18,8,10,4,62152,788199,5151561
3449,18,10,8,4,788199,62152,5151561
3450,19,8,11,4,62152,2123114,13408212
3451,19,11,8,4,2123114,62152,13408212
3452,20,8,12,4,62152,4800513,28346308
3453,20,12,8,4,4800513,62152,28346308
3454,21,8,13,4,62152,9139894,47569630
3455,21,13,8,4,9139894,62152,47569630
3456,22,8,14,4,62152,14655839,65885175
3457,22,14,8,4,14655839,62152,65885175
3458,23,8,15,4,62152,19738118,73094967
3459,23,15,8,4,19738118,62152,73094967
3460,24,8,16,4,62152,22198439,66758188
3461,24,16,8,4,22198439,62152,66758188
3462,25,8,17,4,62152,20659534,48370090
3463,25,17,8,4,20659534,62152,48370090
3464,26,8,18,4,62152,15704597,28270335
3465,26,18,8,4,15704597,62152,28270335
3466,27,8,19,4,62152,9572862,12687302
3467,27,19,8,4,9572862,62152,12687302
3468,28,8,20,4,62152,4557524,4370193
3469,28,20,8,4,4557524,62152,4370193
3470,29,8,21,4,62152,20339790,23254537
3471,29,21,8,4,20339790,62152,23254537
3472,30,8,22,4,62152,75830075,99785579
3473,30,22,8,4,75830075,62152,99785579
3474,31,8,23,4,62152,NaN,NaN
3475,31,23,8,4,NaN,62152,NaN
3476,32,8,24,4,62152,NaN,NaN
3477,32,24,8,4,NaN,62152,NaN
3478,33,8,25,4,62152,NaN,NaN
3479,33,25,8,4,NaN,62152,NaN
3480,18,9,9,4,243962,243962,6706870
3481,19,9,10,4,243962,788199,22197611
3482,19,10,9,4,788199,243962,22197611
3483,20,9,11,4,243962,2123114,58827282
3484,20,11,9,4,2123114,243962,58827282
3485,21,9,12,4,243962,4800513,122924862
3486,21,12,9,4,4800513,243962,122924862
3487,22,9,13,4,243962,9139894,211464906
3488,22,13,9,4,9139894,243962,211464906
3489,23,9,14,4,243962,14655839,292374434
3490,23,14,9,4,14655839,243962,292374434
3491,24,9,15,4,243962,19738118,334918218
3492,24,15,9,4,19738118,243962,334918218
3493,25,9,16,4,243962,22198439,308437928
3494,25,16,9,4,22198439,243962,308437928
3495,26,9,17,4,243962,20659534,233155370
3496,26,17,9,4,20659534,243962,233155370
3497,27,9,18,4,243962,15704597,139254696
3498,27,18,9,4,15704597,243962,139254696
3499,28,9,19,4,243962,9572862,66331150
3500,28,19,9,4,9572862,243962,66331150
3501,29,9,20,4,243962,4557524,23874902
3502,29,20,9,4,4557524,243962,23874902
3503,30,9,21,4,243962,20339790,123837204
3504,30,21,9,4,20339790,243962,123837204
3505,31,9,22,4,243962,75830075,510538748
3506,31,22,9,4,75830075,243962,510538748
3507,32,9,23,4,243962,NaN,NaN
3508,32,23,9,4,NaN,243962,NaN
3509,33,9,24,4,243962,NaN,NaN
3510,33,24,9,4,NaN,243962,NaN
3511,34,9,25,4,243962,NaN,NaN
3512,34,25,9,4,NaN,243962,NaN
3513,35,9,26,4,243962,NaN,NaN
3514,35,26,9,4,NaN,243962,NaN
3515,20,10,10,4,788199,788199,74668421
3516,21,10,11,4,788199,2123114,194969345
3517,21,11,10,4,2123114,788199,194969345
3518,22,10,12,4,788199,4800513,415227419
3519,22,12,10,4,4800513,788199,415227419
3520,23,10,13,4,788199,9139894,708172213
3521,23,13,10,4,9139894,788199,708172213
3522,24,10,14,4,788199,14655839,1000618679
3523,24,14,10,4,14655839,788199,1000618679
3524,25,10,15,4,788199,19738118,1142554145
3525,25,15,10,4,19738118,788199,1142554145
3526,26,10,16,4,788199,22198439,1079932491
3527,26,16,10,4,22198439,788199,1079932491
3528,27,10,17,4,788199,20659534,818980817
3529,27,17,10,4,20659534,788199,818980817
3530,28,10,18,4,788199,15704597,505692517
3531,28,18,10,4,15704597,788199,505692517
3532,29,10,19,4,788199,9572862,243921448
3533,29,19,10,4,9572862,788199,243921448
3534,30,10,20,4,788199,4557524,91940373
3535,30,20,10,4,4557524,788199,91940373
3536,31,10,21,4,788199,20339790,461122805
3537,31,21,10,4,20339790,788199,461122805
3538,32,10,22,4,788199,75830075,1895670621
3539,32,22,10,4,75830075,788199,1895670621
3540,33,10,23,4,788199,NaN,NaN
3541,33,23,10,4,NaN,788199,NaN
3542,34,10,24,4,788199,NaN,NaN
3543,34,24,10,4,NaN,788199,NaN
3544,35,10,25,4,788199,NaN,NaN
3545,35,25,10,4,NaN,788199,NaN
3546,36,10,26,4,788199,NaN,NaN
3547,36,26,10,4,NaN,788199,NaN
3548,37,10,27,4,788199,NaN,NaN
3549,37,27,10,4,NaN,788199,NaN
3550,22,11,11,4,2123114,2123114,517970416
3551,23,11,12,4,2123114,4800513,1090421093
3552,23,12,11,4,4800513,2123114,1090421093
3553,24,11,13,4,2123114,9139894,1890788850
3554,24,13,11,4,9139894,2123114,1890788850
3555,25,11,14,4,2123114,14655839,-1648059401
3556,25,14,11,4,14655839,2123114,-1648059401
3557,26,11,15,4,2123114,19738118,-1220648718
3558,26,15,11,4,19738118,2123114,-1220648718
3559,27,11,16,4,2123114,22198439,-1408652118
3560,27,16,11,4,22198439,2123114,-1408652118
3561,28,11,17,4,2123114,20659534,-2063634178
3562,28,17,11,4,20659534,2123114,-2063634178
3563,29,11,18,4,2123114,15704597,1373408585
3564,29,18,11,4,15704597,2123114,1373408585
3565,30,11,19,4,2123114,9572862,678416186
3566,30,19,11,4,9572862,2123114,678416186
3567,31,11,20,4,2123114,4557524,256361920
3568,31,20,11,4,4557524,2123114,256361920
3569,32,11,21,4,2123114,20339790,1290394328
3570,32,21,11,4,20339790,2123114,1290394328
3571,33,11,22,4,2123114,75830075,NaN
3572,33,22,11,4,75830075,2123114,NaN
3573,34,11,23,4,2123114,NaN,NaN
3574,34,23,11,4,NaN,2123114,NaN
3575,35,11,24,4,2123114,NaN,NaN
3576,35,24,11,4,NaN,2123114,NaN
3577,36,11,25,4,2123114,NaN,NaN
3578,36,25,11,4,NaN,2123114,NaN
3579,37,11,26,4,2123114,NaN,NaN
3580,37,26,11,4,NaN,2123114,NaN
3581,38,11,27,4,2123114,NaN,NaN
3582,38,27,11,4,NaN,2123114,NaN
3583,39,11,28,4,2123114,NaN,NaN
3584,39,28,11,4,NaN,2123114,NaN
3585,24,12,12,4,4800513,4800513,-1964741455
3586,25,12,13,4,4800513,9139894,-302358094
3587,25,13,12,4,9139894,4800513,-302358094
3588,26,12,14,4,4800513,14655839,1364496649
3589,26,14,12,4,14655839,4800513,1364496649
3590,27,12,15,4,4800513,19738118,-2095614959
3591,27,15,12,4,19738118,4800513,-2095614959
3592,28,12,16,4,4800513,22198439,1871988883
3593,28,16,12,4,22198439,4800513,1871988883
3594,29,12,17,4,4800513,20659534,416597332
3595,29,17,12,4,20659534,4800513,416597332
3596,30,12,18,4,4800513,15704597,-1360971835
3597,30,18,12,4,15704597,4800513,-1360971835
3598,31,12,19,4,4800513,9572862,1433570620
3599,31,19,12,4,9572862,4800513,1433570620
3600,32,12,20,4,4800513,4557524,549095510
3601,32,20,12,4,4557524,4800513,549095510
3602,33,12,21,4,4800513,20339790,-1560688637
3603,33,21,12,4,20339790,4800513,-1560688637
3604,34,12,22,4,4800513,75830075,NaN
3605,34,22,12,4,75830075,4800513,NaN
3606,35,12,23,4,4800513,NaN,NaN
3607,35,23,12,4,NaN,4800513,NaN
3608,36,12,24,4,4800513,NaN,NaN
3609,36,24,12,4,NaN,4800513,NaN
3610,37,12,25,4,4800513,NaN,NaN
3611,37,25,12,4,NaN,4800513,NaN
3612,38,12,26,4,4800513,NaN,NaN
3613,38,26,12,4,NaN,4800513,NaN
3614,39,12,27,4,4800513,NaN,NaN
3615,39,27,12,4,NaN,4800513,NaN
3616,40,12,28,4,4800513,NaN,NaN
3617,40,28,12,4,NaN,4800513,NaN
3618,26,13,13,4,9139894,9139894,-1672745858
3619,27,13,14,4,9139894,14655839,NaN
3620,27,14,13,4,14655839,9139894,NaN
3621,28,13,15,4,9139894,19738118,NaN
3622,28,15,13,4,19738118,9139894,NaN
3623,29,13,16,4,9139894,22198439,NaN
3624,29,16,13,4,22198439,9139894,NaN
3625,30,13,17,4,9139894,20659534,NaN
3626,30,17,13,4,20659534,9139894,NaN
3627,31,13,18,4,9139894,15704597,602623337
3628,31,18,13,4,15704597,9139894,602623337
3629,32,13,19,4,9139894,9572862,-1894656356
3630,32,19,13,4,9572862,9139894,-1894656356
3631,33,13,20,4,9139894,4557524,900849081
3632,33,20,13,4,4557524,9139894,900849081
3633,34,13,21,4,9139894,20339790,276404464
3634,34,21,13,4,20339790,9139894,276404464
3635,35,13,22,4,9139894,75830075,NaN
3636,35,22,13,4,75830075,9139894,NaN
3637,36,13,23,4,9139894,NaN,NaN
3638,36,23,13,4,NaN,9139894,NaN
3639,37,13,24,4,9139894,NaN,NaN
3640,37,24,13,4,NaN,9139894,NaN
3641,38,13,25,4,9139894,NaN,NaN
3642,38,25,13,4,NaN,9139894,NaN
3643,39,13,26,4,9139894,NaN,NaN
3644,39,26,13,4,NaN,9139894,NaN
3645,40,13,27,4,9139894,NaN,NaN
3646,40,27,13,4,NaN,9139894,NaN
3647,41,13,28,4,9139894,NaN,NaN
3648,41,28,13,4,NaN,9139894,NaN
3649,28,14,14,4,14655839,14655839,NaN
3650,29,14,15,4,14655839,19738118,NaN
3651,29,15,14,4,19738118,14655839,NaN
3652,30,14,16,4,14655839,22198439,NaN
3653,30,16,14,4,22198439,14655839,NaN
3654,31,14,17,4,14655839,20659534,NaN
3655,31,17,14,4,20659534,14655839,NaN
3656,32,14,18,4,14655839,15704597,NaN
3657,32,18,14,4,15704597,14655839,NaN
3658,33,14,19,4,14655839,9572862,-1147288917
3659,33,19,14,4,9572862,14655839,-1147288917
3660,34,14,20,4,14655839,4557524,1172916277
3661,34,20,14,4,4557524,14655839,1172916277
3662,35,14,21,4,14655839,20339790,NaN
3663,35,21,14,4,20339790,14655839,NaN
3664,36,14,22,4,14655839,75830075,NaN
3665,36,22,14,4,75830075,14655839,NaN
3666,37,14,23,4,14655839,NaN,NaN
3667,37,23,14,4,NaN,14655839,NaN
3668,38,14,24,4,14655839,NaN,NaN
3669,38,24,14,4,NaN,14655839,NaN
3670,39,14,25,4,14655839,NaN,NaN
3671,39,25,14,4,NaN,14655839,NaN
3672,40,14,26,4,14655839,NaN,NaN
3673,40,26,14,4,NaN,14655839,NaN
3674,41,14,27,4,14655839,NaN,NaN
3675,41,27,14,4,NaN,14655839,NaN
3676,42,14,28,4,14655839,NaN,NaN
3677,42,28,14,4,NaN,14655839,NaN
3678,30,15,15,4,19738118,19738118,NaN
3679,31,15,16,4,19738118,22198439,NaN
3680,31,16,15,4,22198439,19738118,NaN
3681,32,15,17,4,19738118,20659534,NaN
3682,32,17,15,4,20659534,19738118,NaN
3683,33,15,18,4,19738118,15704597,NaN
3684,33,18,15,4,15704597,19738118,NaN
3685,34,15,19,4,19738118,9572862,-973782536
3686,34,19,15,4,9572862,19738118,-973782536
3687,35,15,20,4,19738118,4557524,1191724038
3688,35,20,15,4,4557524,19738118,1191724038
3689,36,15,21,4,19738118,20339790,NaN
3690,36,21,15,4,20339790,19738118,NaN
3691,37,15,22,4,19738118,75830075,NaN
3692,37,22,15,4,75830075,19738118,NaN
3693,38,15,23,4,19738118,NaN,NaN
3694,38,23,15,4,NaN,19738118,NaN
3695,39,15,24,4,19738118,NaN,NaN
3696,39,24,15,4,NaN,19738118,NaN
3697,40,15,25,4,19738118,NaN,NaN
3698,40,25,15,4,NaN,19738118,NaN
3699,41,15,26,4,19738118,NaN,NaN
3700,41,26,15,4,NaN,19738118,NaN
3701,42,15,27,4,19738118,NaN,NaN
3702,42,27,15,4,NaN,19738118,NaN
3703,43,15,28,4,19738118,NaN,NaN
3704,43,28,15,4,NaN,19738118,NaN
3705,32,16,16,4,22198439,22198439,NaN
3706,33,16,17,4,22198439,20659534,NaN
3707,33,17,16,4,20659534,22198439,NaN
3708,34,16,18,4,22198439,15704597,NaN
3709,34,18,16,4,15704597,22198439,NaN
3710,35,16,19,4,22198439,9572862,-1536769775
3711,35,19,16,4,9572862,22198439,-1536769775
3712,36,16,20,4,22198439,4557524,965721558
3713,36,20,16,4,4557524,22198439,965721558
3714,37,16,21,4,22198439,20339790,NaN
3715,37,21,16,4,20339790,22198439,NaN
3716,38,16,22,4,22198439,75830075,NaN
3717,38,22,16,4,75830075,22198439,NaN
3718,39,16,23,4,22198439,NaN,NaN
3719,39,23,16,4,NaN,22198439,NaN
3720,40,16,24,4,22198439,NaN,NaN
3721,40,24,16,4,NaN,22198439,NaN
3722,41,16,25,4,22198439,NaN,NaN
3723,41,25,16,4,NaN,22198439,NaN
3724,42,16,26,4,22198439,NaN,NaN
3725,42,26,16,4,NaN,22198439,NaN
3726,43,16,27,4,22198439,NaN,NaN
3727,43,27,16,4,NaN,22198439,NaN
3728,44,16,28,4,22198439,NaN,NaN
3729,44,28,16,4,NaN,22198439,NaN
3730,34,17,17,4,20659534,20659534,NaN
3731,35,17,18,4,20659534,15704597,-137384977
3732,35,18,17,4,15704597,20659534,-137384977
3733,36,17,19,4,20659534,9572862,1831744598
3734,36,19,17,4,9572862,20659534,1831744598
3735,37,17,20,4,20659534,4557524,606584077
3736,37,20,17,4,4557524,20659534,606584077
3737,38,17,21,4,20659534,20339790,-908006686
3738,38,21,17,4,20339790,20659534,-908006686
3739,39,17,22,4,20659534,75830075,NaN
3740,39,22,17,4,75830075,20659534,NaN
3741,40,17,23,4,20659534,NaN,NaN
3742,40,23,17,4,NaN,20659534,NaN
3743,41,17,24,4,20659534,NaN,NaN
3744,41,24,17,4,NaN,20659534,NaN
3745,42,17,25,4,20659534,NaN,NaN
3746,42,25,17,4,NaN,20659534,NaN
3747,43,17,26,4,20659534,NaN,NaN
3748,43,26,17,4,NaN,20659534,NaN
3749,44,17,27,4,20659534,NaN,NaN
3750,44,27,17,4,NaN,20659534,NaN
3751,45,17,28,4,20659534,NaN,NaN
3752,45,28,17,4,NaN,20659534,NaN
3753,36,18,18,4,15704597,15704597,-2035195669
3754,37,18,19,4,15704597,9572862,940659951
3755,37,19,18,4,9572862,15704597,940659951
3756,38,18,20,4,15704597,4557524,297969597
3757,38,20,18,4,4557524,15704597,297969597
3758,39,18,21,4,15704597,20339790,1718108721
3759,39,21,18,4,20339790,15704597,1718108721
3760,40,18,22,4,15704597,75830075,NaN
3761,40,22,18,4,75830075,15704597,NaN
3762,41,18,23,4,15704597,NaN,NaN
3763,41,23,18,4,NaN,15704597,NaN
3764,42,18,24,4,15704597,NaN,NaN
3765,42,24,18,4,NaN,15704597,NaN
3766,43,18,25,4,15704597,NaN,NaN
3767,43,25,18,4,NaN,15704597,NaN
3768,44,18,26,4,15704597,NaN,NaN
3769,44,26,18,4,NaN,15704597,NaN
3770,45,18,27,4,15704597,NaN,NaN
3771,45,27,18,4,NaN,15704597,NaN
3772,46,18,28,4,15704597,NaN,NaN
3773,46,28,18,4,NaN,15704597,NaN
3774,38,19,19,4,9572862,9572862,374349928
3775,39,19,20,4,9572862,4557524,109363540
3776,39,20,19,4,4557524,9572862,109363540
3777,40,19,21,4,9572862,20339790,673538018
3778,40,21,19,4,20339790,9572862,673538018
3779,41,19,22,4,9572862,75830075,NaN
3780,41,22,19,4,75830075,9572862,NaN
3781,42,19,23,4,9572862,NaN,NaN
3782,42,23,19,4,NaN,9572862,NaN
3783,43,19,24,4,9572862,NaN,NaN
3784,43,24,19,4,NaN,9572862,NaN
3785,44,19,25,4,9572862,NaN,NaN
3786,44,25,19,4,NaN,9572862,NaN
3787,45,19,26,4,9572862,NaN,NaN
3788,45,26,19,4,NaN,9572862,NaN
3789,46,19,27,4,9572862,NaN,NaN
3790,46,27,19,4,NaN,9572862,NaN
3791,47,19,28,4,9572862,NaN,NaN
3792,47,28,19,4,NaN,9572862,NaN
3793,40,20,20,4,4557524,4557524,29606819
3794,41,20,21,4,4557524,20339790,193528029
3795,41,21,20,4,20339790,4557524,193528029
3796,42,20,22,4,4557524,75830075,970634363
3797,42,22,20,4,75830075,4557524,970634363
3798,43,20,23,4,4557524,NaN,NaN
3799,43,23,20,4,NaN,4557524,NaN
3800,44,20,24,4,4557524,NaN,NaN
3801,44,24,20,4,NaN,4557524,NaN
3802,45,20,25,4,4557524,NaN,NaN
3803,45,25,20,4,NaN,4557524,NaN
3804,46,20,26,4,4557524,NaN,NaN
3805,46,26,20,4,NaN,4557524,NaN
3806,47,20,27,4,4557524,NaN,NaN
3807,47,27,20,4,NaN,4557524,NaN
3808,48,20,28,4,4557524,NaN,NaN
3809,48,28,20,4,NaN,4557524,NaN
3810,42,21,21,4,20339790,20339790,1211160184
3811,43,21,22,4,20339790,75830075,NaN
3812,43,22,21,4,75830075,20339790,NaN
3813,44,21,23,4,20339790,NaN,NaN
3814,44,23,21,4,NaN,20339790,NaN
3815,45,21,24,4,20339790,NaN,NaN
3816,45,24,21,4,NaN,20339790,NaN
3817,46,21,25,4,20339790,NaN,NaN
3818,46,25,21,4,NaN,20339790,NaN
3819,47,21,26,4,20339790,NaN,NaN
3820,47,26,21,4,NaN,20339790,NaN
3821,48,21,27,4,20339790,NaN,NaN
3822,48,27,21,4,NaN,20339790,NaN
3823,49,21,28,4,20339790,NaN,NaN
3824,49,28,21,4,NaN,20339790,NaN
3825,44,22,22,4,75830075,75830075,NaN
3826,45,22,23,4,75830075,NaN,NaN
3827,45,23,22,4,NaN,75830075,NaN
3828,46,22,24,4,75830075,NaN,NaN
3829,46,24,22,4,NaN,75830075,NaN
3830,47,22,25,4,75830075,NaN,NaN
3831,47,25,22,4,NaN,75830075,NaN
3832,48,22,26,4,75830075,NaN,NaN
3833,48,26,22,4,NaN,75830075,NaN
3834,49,22,27,4,75830075,NaN,NaN
3835,49,27,22,4,NaN,75830075,NaN
3836,50,22,28,4,75830075,NaN,NaN
3837,50,28,22,4,NaN,75830075,NaN
3838,46,23,23,4,NaN,NaN,NaN
3839,47,23,24,4,NaN,NaN,NaN
3840,47,24,23,4,NaN,NaN,NaN
3841,48,23,25,4,NaN,NaN,NaN
3842,48,25,23,4,NaN,NaN,NaN
3843,49,23,26,4,NaN,NaN,NaN
3844,49,26,23,4,NaN,NaN,NaN
3845,50,23,27,4,NaN,NaN,NaN
3846,50,27,23,4,NaN,NaN,NaN
3847,51,23,28,4,NaN,NaN,NaN
3848,51,28,23,4,NaN,NaN,NaN
3849,48,24,24,4,NaN,NaN,NaN
3850,49,24,25,4,NaN,NaN,NaN
3851,49,25,24,4,NaN,NaN,NaN
3852,50,24,26,4,NaN,NaN,NaN
3853,50,26,24,4,NaN,NaN,NaN
3854,51,24,27,4,NaN,NaN,NaN
3855,51,27,24,4,NaN,NaN,NaN
3856,52,24,28,4,NaN,NaN,NaN
3857,52,28,24,4,NaN,NaN,NaN
3858,50,25,25,4,NaN,NaN,NaN
3859,51,25,26,4,NaN,NaN,NaN
3860,51,26,25,4,NaN,NaN,NaN
3861,52,25,27,4,NaN,NaN,NaN
3862,52,27,25,4,NaN,NaN,NaN
3863,53,25,28,4,NaN,NaN,NaN
3864,53,28,25,4,NaN,NaN,NaN
3865,52,26,26,4,NaN,NaN,NaN
3866,53,26,27,4,NaN,NaN,NaN
3867,53,27,26,4,NaN,NaN,NaN
3868,54,26,28,4,NaN,NaN,NaN
3869,54,28,26,4,NaN,NaN,NaN
3870,54,27,27,4,NaN,NaN,NaN
3871,55,27,28,4,NaN,NaN,NaN
3872,55,28,27,4,NaN,NaN,NaN
3873,56,28,28,4,NaN,NaN,NaN
3874,2,1,1,5,112,112,216
3875,3,1,2,5,112,914,950
3876,3,2,1,5,914,112,950
3877,4,1,3,5,112,6162,5058
3878,4,3,1,5,6162,112,5058
3879,5,1,4,5,112,26612,17769
3880,5,4,1,5,26612,112,17769
3881,6,1,5,5,112,79676,46354
3882,6,5,1,5,79676,112,46354
3883,7,1,6,5,112,171185,86141
3884,7,6,1,5,171185,112,86141
3885,8,1,7,5,112,267346,121508
3886,8,7,1,5,267346,112,121508
3887,9,1,8,5,112,302644,122494
3888,9,8,1,5,302644,112,122494
3889,10,1,9,5,112,1180538,453654
3890,10,9,1,5,1180538,112,453654
3891,11,1,10,5,112,3847787,1377484
3892,11,10,1,5,3847787,112,1377484
3893,12,1,11,5,112,10575380,3608036
3894,12,11,1,5,10575380,112,3608036
3895,13,1,12,5,112,24646605,7890333
3896,13,12,1,5,24646605,112,7890333
3897,4,2,2,5,914,914,2900
3898,5,2,3,5,914,6162,13162
3899,5,3,2,5,6162,914,13162
3900,6,2,4,5,914,26612,42846
3901,6,4,2,5,26612,914,42846
3902,7,2,5,5,914,79676,97007
3903,7,5,2,5,79676,914,97007
3904,8,2,6,5,914,171185,165736
3905,8,6,2,5,171185,914,165736
3906,9,2,7,5,914,267346,202030
3907,9,7,2,5,267346,914,202030
3908,10,2,8,5,914,302644,184118
3909,10,8,2,5,302644,914,184118
3910,11,2,9,5,914,1180538,677582
3911,11,9,2,5,1180538,914,677582
3912,12,2,10,5,914,3847787,2106404
3913,12,10,2,5,3847787,914,2106404
3914,13,2,11,5,914,10575380,5359862
3915,13,11,2,5,10575380,914,5359862
3916,14,2,12,5,914,24646605,11695180
3917,14,12,2,5,24646605,914,11695180
3918,6,3,3,5,6162,6162,61456
3919,7,3,4,5,6162,26612,190848
3920,7,4,3,5,26612,6162,190848
3921,8,3,5,5,6162,79676,438094
3922,8,5,3,5,79676,6162,438094
3923,9,3,6,5,6162,171185,715758
3924,9,6,3,5,171185,6162,715758
3925,10,3,7,5,6162,267346,882752
3926,10,7,3,5,267346,6162,882752
3927,11,3,8,5,6162,302644,776106
3928,11,8,3,5,302644,6162,776106
3929,12,3,9,5,6162,1180538,2956328
3930,12,9,3,5,1180538,6162,2956328
3931,13,3,10,5,6162,3847787,9064198
3932,13,10,3,5,3847787,6162,9064198
3933,14,3,11,5,6162,10575380,23609468
3934,14,11,3,5,10575380,6162,23609468
3935,15,3,12,5,6162,24646605,50758173
3936,15,12,3,5,24646605,6162,50758173
3937,8,4,4,5,26612,26612,598048
3938,9,4,5,5,26612,79676,1302602
3939,9,5,4,5,79676,26612,1302602
3940,10,4,6,5,26612,171185,2123198
3941,10,6,4,5,171185,26612,2123198
3942,11,4,7,5,26612,267346,2480577
3943,11,7,4,5,267346,26612,2480577
3944,12,4,8,5,26612,302644,2167114
3945,12,8,4,5,302644,26612,2167114
3946,13,4,9,5,26612,1180538,8170173
3947,13,9,4,5,1180538,26612,8170173
3948,14,4,10,5,26612,3847787,25712880
3949,14,10,4,5,3847787,26612,25712880
3950,15,4,11,5,26612,10575380,65909979
3951,15,11,4,5,10575380,26612,65909979
3952,16,4,12,5,26612,24646605,143833472
3953,16,12,4,5,24646605,26612,143833472
3954,10,5,5,5,79676,79676,2819172
3955,11,5,6,5,79676,171185,4323370
3956,11,6,5,5,171185,79676,4323370
3957,12,5,7,5,79676,267346,4959614
3958,12,7,5,5,267346,79676,4959614
3959,13,5,8,5,79676,302644,4046732
3960,13,8,5,5,302644,79676,4046732
3961,14,5,9,5,79676,1180538,15809320
3962,14,9,5,5,1180538,79676,15809320
3963,15,5,10,5,79676,3847787,49155473
3964,15,10,5,5,3847787,79676,49155473
3965,16,5,11,5,79676,10575380,128301288
3966,16,11,5,5,10575380,79676,128301288
3967,17,5,12,5,79676,24646605,274413021
3968,17,12,5,5,24646605,79676,274413021
3969,12,6,6,5,171185,171185,6488004
3970,13,6,7,5,171185,267346,6913049
3971,13,7,6,5,267346,171185,6913049
3972,14,6,8,5,171185,302644,5432938
3973,14,8,6,5,302644,171185,5432938
3974,15,6,9,5,171185,1180538,21182475
3975,15,9,6,5,1180538,171185,21182475
3976,16,6,10,5,171185,3847787,67668850
3977,16,10,6,5,3847787,171185,67668850
3978,17,6,11,5,171185,10575380,173820823
3979,17,11,6,5,10575380,171185,173820823
3980,18,6,12,5,171185,24646605,375527334
3981,18,12,6,5,24646605,171185,375527334
3982,14,7,7,5,267346,267346,7075872
3983,15,7,8,5,267346,302644,5062008
3984,15,8,7,5,302644,267346,5062008
3985,16,7,9,5,267346,1180538,20636860
3986,16,9,7,5,1180538,267346,20636860
3987,17,7,10,5,267346,3847787,65512824
3988,17,10,7,5,3847787,267346,65512824
3989,18,7,11,5,267346,10575380,171441234
3990,18,11,7,5,10575380,267346,171441234
3991,19,7,12,5,267346,24646605,362433420
3992,19,12,7,5,24646605,267346,362433420
3993,16,8,8,5,302644,302644,3386856
3994,17,8,9,5,302644,1180538,13993534
3995,17,9,8,5,1180538,302644,13993534
3996,18,8,10,5,302644,3847787,46009214
3997,18,10,8,5,3847787,302644,46009214
3998,19,8,11,5,302644,10575380,118918790
3999,19,11,8,5,10575380,302644,118918790
4000,20,8,12,5,302644,24646605,253759916
4001,20,12,8,5,24646605,302644,253759916
4002,18,9,9,5,1180538,1180538,58562468
4003,19,9,10,5,1180538,3847787,189025898
4004,19,10,9,5,3847787,1180538,189025898
4005,20,9,11,5,1180538,10575380,497675162
4006,20,11,9,5,10575380,1180538,497675162
4007,21,9,12,5,1180538,24646605,1051907000
4008,21,12,9,5,24646605,1180538,1051907000
4009,20,10,10,5,3847787,3847787,620570484
4010,21,10,11,5,3847787,10575380,1614178727
4011,21,11,10,5,10575380,3847787,1614178727
4012,22,10,12,5,3847787,24646605,-822585122
4013,22,12,10,5,24646605,3847787,-822585122
4014,29,10,19,5,3847787,84043070,-1084932310
4015,29,19,10,5,84043070,3847787,-1084932310
4016,30,10,20,5,3847787,46719416,1392422218
4017,30,20,10,5,46719416,3847787,1392422218
4018,31,10,21,5,3847787,191357712,NaN
4019,31,21,10,5,191357712,3847787,NaN
4020,32,10,22,5,3847787,NaN,NaN
4021,32,22,10,5,NaN,3847787,NaN
4022,22,11,11,5,10575380,10575380,-27734540
4023,23,11,12,5,10575380,24646605,NaN
4024,23,12,11,5,24646605,10575380,NaN
4025,24,11,13,5,10575380,48837294,NaN
4026,24,13,11,5,48837294,10575380,NaN
4027,25,11,14,5,10575380,82293563,NaN
4028,25,14,11,5,82293563,10575380,NaN
4029,26,11,15,5,10575380,117685112,NaN
4030,26,15,11,5,117685112,10575380,NaN
4031,27,11,16,5,10575380,142220995,NaN
4032,27,16,11,5,142220995,10575380,NaN
4033,28,11,17,5,10575380,144257590,NaN
4034,28,17,11,5,144257590,10575380,NaN
4035,29,11,18,5,10575380,121610225,NaN
4036,29,18,11,5,121610225,10575380,NaN
4037,30,11,19,5,10575380,84043070,NaN
4038,30,19,11,5,84043070,10575380,NaN
4039,31,11,20,5,10575380,46719416,-497469981
4040,31,20,11,5,46719416,10575380,-497469981
4041,32,11,21,5,10575380,191357712,NaN
4042,32,21,11,5,191357712,10575380,NaN
4043,33,11,22,5,10575380,NaN,NaN
4044,33,22,11,5,NaN,10575380,NaN
4045,24,12,12,5,24646605,24646605,NaN
4046,25,12,13,5,24646605,48837294,NaN
4047,25,13,12,5,48837294,24646605,NaN
4048,26,12,14,5,24646605,82293563,NaN
4049,26,14,12,5,82293563,24646605,NaN
4050,27,12,15,5,24646605,117685112,NaN
4051,27,15,12,5,117685112,24646605,NaN
4052,28,12,16,5,24646605,142220995,NaN
4053,28,16,12,5,142220995,24646605,NaN
4054,29,12,17,5,24646605,144257590,NaN
4055,29,17,12,5,144257590,24646605,NaN
4056,30,12,18,5,24646605,121610225,NaN
4057,30,18,12,5,121610225,24646605,NaN
4058,31,12,19,5,24646605,84043070,NaN
4059,31,19,12,5,84043070,24646605,NaN
4060,32,12,20,5,24646605,46719416,NaN
4061,32,20,12,5,46719416,24646605,NaN
4062,33,12,21,5,24646605,NaN,NaN
4063,33,21,12,5,NaN,24646605,NaN
4064,34,12,22,5,24646605,NaN,NaN
4065,34,22,12,5,NaN,24646605,NaN
4066,26,13,13,5,48837294,48837294,NaN
4067,27,13,14,5,48837294,82293563,NaN
4068,27,14,13,5,82293563,48837294,NaN
4069,28,13,15,5,48837294,117685112,NaN
4070,28,15,13,5,117685112,48837294,NaN
4071,29,13,16,5,48837294,142220995,NaN
4072,29,16,13,5,142220995,48837294,NaN
4073,30,13,17,5,48837294,144257590,NaN
4074,30,17,13,5,144257590,48837294,NaN
4075,31,13,18,5,48837294,121610225,NaN
4076,31,18,13,5,121610225,48837294,NaN
4077,32,13,19,5,48837294,84043070,NaN
4078,32,19,13,5,84043070,48837294,NaN
4079,33,13,20,5,48837294,46719416,NaN
4080,33,20,13,5,46719416,48837294,NaN
4081,34,13,21,5,48837294,NaN,NaN
4082,34,21,13,5,NaN,48837294,NaN
4083,35,13,22,5,48837294,NaN,NaN
4084,35,22,13,5,NaN,48837294,NaN
4085,28,14,14,5,82293563,82293563,NaN
4086,29,14,15,5,82293563,117685112,NaN
4087,29,15,14,5,117685112,82293563,NaN
4088,30,14,16,5,82293563,142220995,NaN
4089,30,16,14,5,142220995,82293563,NaN
4090,31,14,17,5,82293563,144257590,NaN
4091,31,17,14,5,144257590,82293563,NaN
4092,32,14,18,5,82293563,121610225,NaN
4093,32,18,14,5,121610225,82293563,NaN
4094,33,14,19,5,82293563,84043070,NaN
4095,33,19,14,5,84043070,82293563,NaN
4096,34,14,20,5,82293563,46719416,NaN
4097,34,20,14,5,46719416,82293563,NaN
4098,35,14,21,5,82293563,NaN,NaN
4099,35,21,14,5,NaN,82293563,NaN
4100,36,14,22,5,82293563,NaN,NaN
4101,36,22,14,5,NaN,82293563,NaN
4102,30,15,15,5,117685112,117685112,NaN
4103,31,15,16,5,117685112,142220995,NaN
4104,31,16,15,5,142220995,117685112,NaN
4105,32,15,17,5,117685112,NaN,NaN
4106,32,17,15,5,NaN,117685112,NaN
4107,33,15,18,5,117685112,121610225,NaN
4108,33,18,15,5,121610225,117685112,NaN
4109,34,15,19,5,117685112,84043070,NaN
4110,34,19,15,5,84043070,117685112,NaN
4111,35,15,20,5,117685112,46719416,NaN
4112,35,20,15,5,46719416,117685112,NaN
4113,36,15,21,5,117685112,NaN,NaN
4114,36,21,15,5,NaN,117685112,NaN
4115,37,15,22,5,117685112,NaN,NaN
4116,37,22,15,5,NaN,117685112,NaN
4117,32,16,16,5,142220995,NaN,NaN
4118,33,16,17,5,142220995,NaN,NaN
4119,33,17,16,5,NaN,142220995,NaN
4120,34,16,18,5,142220995,NaN,NaN
4121,34,18,16,5,NaN,142220995,NaN
4122,35,16,19,5,142220995,NaN,NaN
4123,35,19,16,5,NaN,142220995,NaN
4124,36,16,20,5,142220995,46719416,NaN
4125,36,20,16,5,46719416,142220995,NaN
4126,37,16,21,5,142220995,NaN,NaN
4127,37,21,16,5,NaN,142220995,NaN
4128,38,16,22,5,142220995,NaN,NaN
4129,38,22,16,5,NaN,142220995,NaN
4130,34,17,17,5,144257590,NaN,NaN
4131,35,17,18,5,144257590,NaN,NaN
4132,35,18,17,5,NaN,144257590,NaN
4133,36,17,19,5,144257590,84043070,NaN
4134,36,19,17,5,84043070,144257590,NaN
4135,37,17,20,5,144257590,46719416,NaN
4136,37,20,17,5,46719416,144257590,NaN
4137,38,17,21,5,144257590,NaN,NaN
4138,38,21,17,5,NaN,144257590,NaN
4139,39,17,22,5,144257590,NaN,NaN
4140,39,22,17,5,NaN,144257590,NaN
4141,36,18,18,5,121610225,NaN,NaN
4142,37,18,19,5,121610225,84043070,NaN
4143,37,19,18,5,84043070,121610225,NaN
4144,38,18,20,5,121610225,46719416,NaN
4145,38,20,18,5,46719416,121610225,NaN
4146,39,18,21,5,121610225,NaN,NaN
4147,39,21,18,5,NaN,121610225,NaN
4148,40,18,22,5,121610225,NaN,NaN
4149,40,22,18,5,NaN,121610225,NaN
4150,38,19,19,5,84043070,84043070,NaN
4151,39,19,20,5,84043070,46719416,-1662428406
4152,39,20,19,5,46719416,84043070,-1662428406
4153,40,19,21,5,84043070,NaN,NaN
4154,40,21,19,5,NaN,84043070,NaN
4155,41,19,22,5,84043070,NaN,NaN
4156,41,22,19,5,NaN,84043070,NaN
4157,40,20,20,5,46719416,46719416,842084464
4158,41,20,21,5,46719416,NaN,NaN
4159,41,21,20,5,NaN,46719416,NaN
4160,42,20,22,5,46719416,NaN,NaN
4161,42,22,20,5,NaN,46719416,NaN
4162,42,21,21,5,191357712,NaN,NaN
4163,43,21,22,5,191357712,NaN,NaN
4164,43,22,21,5,NaN,191357712,NaN
4165,44,22,22,5,NaN,NaN,NaN
4166,2,1,1,6,168,168,376
4167,3,1,2,6,168,1828,2104
4168,3,2,1,6,1828,168,2104
4169,4,1,3,6,168,14364,12628
4170,4,3,1,6,14364,168,12628
4171,5,1,4,6,168,69944,49442
4172,5,4,1,6,69944,168,49442
4173,6,1,5,6,168,233230,142190
4174,6,5,1,6,233230,168,142190
4175,7,1,6,6,168,557993,293133
4176,7,6,1,6,557993,168,293133
4177,8,1,7,6,168,977524,460816
4178,8,7,1,6,977524,168,460816
4179,9,1,8,6,168,1258760,526909
4180,9,8,1,6,1258760,168,526909
4181,10,1,9,6,168,4944212,1958184
4182,10,9,1,6,4944212,168,1958184
4183,11,1,10,6,168,16386542,6041110
4184,11,10,1,6,16386542,168,6041110
4185,12,1,11,6,168,46168322,16174808
4186,12,11,1,6,46168322,168,16174808
4187,13,1,12,6,168,111088959,36486821
4188,13,12,1,6,111088959,168,36486821
4189,4,2,2,6,1828,1828,7916
4190,5,2,3,6,1828,14364,39421
4191,5,3,2,6,14364,1828,39421
4192,6,2,4,6,1828,69944,139816
4193,6,4,2,6,69944,1828,139816
4194,7,2,5,6,1828,233230,347157
4195,7,5,2,6,233230,1828,347157
4196,8,2,6,6,1828,557993,652706
4197,8,6,2,6,557993,1828,652706
4198,9,2,7,6,1828,977524,889054
4199,9,7,2,6,977524,1828,889054
4200,10,2,8,6,1828,1258760,918820
4201,10,8,2,6,1258760,1828,918820
4202,11,2,9,6,1828,4944212,3363005
4203,11,9,2,6,4944212,1828,3363005
4204,12,2,10,6,1828,16386542,10508663
4205,12,10,2,6,16386542,1828,10508663
4206,13,2,11,6,1828,46168322,27218697
4207,13,11,2,6,46168322,1828,27218697
4208,14,2,12,6,1828,111088959,60896422
4209,14,12,2,6,111088959,1828,60896422
4210,6,3,3,6,14364,14364,197822
4211,7,3,4,6,14364,69944,663527
4212,7,4,3,6,69944,14364,663527
4213,8,3,5,6,14364,233230,1647248
4214,8,5,3,6,233230,14364,1647248
4215,9,3,6,6,14364,557993,2945589
4216,9,6,3,6,557993,14364,2945589
4217,10,3,7,6,14364,977524,4013344
4218,10,7,3,6,977524,14364,4013344
4219,11,3,8,6,14364,1258760,3975814
4220,11,8,3,6,1258760,14364,3975814
4221,12,3,9,6,14364,4944212,15001504
4222,12,9,3,6,4944212,14364,15001504
4223,13,3,10,6,14364,16386542,46254058
4224,13,10,3,6,16386542,14364,46254058
4225,14,3,11,6,14364,46168322,122168118
4226,14,11,3,6,46168322,14364,122168118
4227,15,3,12,6,14364,111088959,269166770
4228,15,12,3,6,111088959,14364,269166770
4229,8,4,4,6,69944,69944,2217754
4230,9,4,5,6,69944,233230,5206484
4231,9,5,4,6,233230,69944,5206484
4232,10,4,6,6,69944,557993,9213794
4233,10,6,4,6,557993,69944,9213794
4234,11,4,7,6,69944,977524,11872192
4235,11,7,4,6,977524,69944,11872192
4236,12,4,8,6,69944,1258760,11608422
4237,12,8,4,6,1258760,69944,11608422
4238,13,4,9,6,69944,4944212,43331002
4239,13,9,4,6,4944212,69944,43331002
4240,14,4,10,6,69944,16386542,136524737
4241,14,10,4,6,16386542,69944,136524737
4242,15,4,11,6,69944,46168322,354704713
4243,15,11,4,6,46168322,69944,354704713
4244,16,4,12,6,69944,111088959,790561550
4245,16,12,4,6,111088959,69944,790561550
4246,10,5,5,6,233230,233230,12060706
4247,11,5,6,6,233230,557993,20078394
4248,11,6,5,6,557993,233230,20078394
4249,12,5,7,6,233230,977524,25298700
4250,12,7,5,6,977524,233230,25298700
4251,13,5,8,6,233230,1258760,23145836
4252,13,8,5,6,1258760,233230,23145836
4253,14,5,9,6,233230,4944212,88951510
4254,14,9,5,6,4944212,233230,88951510
4255,15,5,10,6,233230,16386542,276515399
4256,15,10,5,6,16386542,233230,276515399
4257,16,5,11,6,233230,46168322,728570926
4258,16,11,5,6,46168322,233230,728570926
4259,17,5,12,6,233230,111088959,1590770224
4260,17,12,5,6,111088959,233230,1590770224
4261,12,6,6,6,557993,557993,32598920
4262,13,6,7,6,557993,977524,38260781
4263,13,7,6,6,977524,557993,38260781
4264,14,6,8,6,557993,1258760,33710135
4265,14,8,6,6,1258760,557993,33710135
4266,15,6,9,6,557993,4944212,128828102
4267,15,9,6,6,4944212,557993,128828102
4268,16,6,10,6,557993,16386542,409061126
4269,16,10,6,6,16386542,557993,409061126
4270,17,6,11,6,557993,46168322,1059308309
4271,17,11,6,6,46168322,557993,1059308309
4272,18,6,12,6,557993,111088959,-1966434179
4273,18,12,6,6,111088959,557993,-1966434179
4274,14,7,7,6,977524,977524,43149854
4275,15,7,8,6,977524,1258760,34854023
4276,15,8,7,6,1258760,977524,34854023
4277,16,7,9,6,977524,4944212,137928626
4278,16,9,7,6,4944212,977524,137928626
4279,17,7,10,6,977524,16386542,433756894
4280,17,10,7,6,16386542,977524,433756894
4281,18,7,11,6,977524,46168322,1138700664
4282,18,11,7,6,46168322,977524,1138700664
4283,19,7,12,6,977524,111088959,-1847463095
4284,19,12,7,6,111088959,977524,-1847463095
4285,16,8,8,6,1258760,1258760,26483625
4286,17,8,9,6,1258760,4944212,105359453
4287,17,9,8,6,4944212,1258760,105359453
4288,18,8,10,6,1258760,16386542,340259525
4289,18,10,8,6,16386542,1258760,340259525
4290,19,8,11,6,1258760,46168322,879945093
4291,19,11,8,6,46168322,1258760,879945093
4292,20,8,12,6,1258760,111088959,1901880790
4293,20,12,8,6,111088959,1258760,1901880790
4294,18,9,9,6,4944212,4944212,425883168
4295,19,9,10,6,4944212,16386542,1356256898
4296,19,10,9,6,16386542,4944212,1356256898
4297,20,9,11,6,4944212,46168322,-723591260
4298,20,11,9,6,46168322,4944212,-723591260
4299,21,9,12,6,4944212,111088959,NaN
4300,21,12,9,6,111088959,4944212,NaN
4301,20,10,10,6,16386542,16386542,97423045
4302,21,10,11,6,16386542,46168322,NaN
4303,21,11,10,6,46168322,16386542,NaN
4304,22,10,12,6,16386542,111088959,NaN
4305,22,12,10,6,111088959,16386542,NaN
4306,29,10,19,6,16386542,NaN,NaN
4307,29,19,10,6,NaN,16386542,NaN
4308,30,10,20,6,16386542,NaN,NaN
4309,30,20,10,6,NaN,16386542,NaN
4310,31,10,21,6,16386542,NaN,NaN
4311,31,21,10,6,NaN,16386542,NaN
4312,32,10,22,6,16386542,NaN,NaN
4313,32,22,10,6,NaN,16386542,NaN
4314,22,11,11,6,46168322,46168322,NaN
4315,23,11,12,6,46168322,111088959,NaN
4316,23,12,11,6,111088959,46168322,NaN
4317,24,11,13,6,46168322,228834318,NaN
4318,24,13,11,6,228834318,46168322,NaN
4319,25,11,14,6,46168322,NaN,NaN
4320,25,14,11,6,NaN,46168322,NaN
4321,26,11,15,6,46168322,NaN,NaN
4322,26,15,11,6,NaN,46168322,NaN
4323,27,11,16,6,46168322,NaN,NaN
4324,27,16,11,6,NaN,46168322,NaN
4325,28,11,17,6,46168322,NaN,NaN
4326,28,17,11,6,NaN,46168322,NaN
4327,29,11,18,6,46168322,NaN,NaN
4328,29,18,11,6,NaN,46168322,NaN
4329,30,11,19,6,46168322,NaN,NaN
4330,30,19,11,6,NaN,46168322,NaN
4331,31,11,20,6,46168322,NaN,NaN
4332,31,20,11,6,NaN,46168322,NaN
4333,32,11,21,6,46168322,NaN,NaN
4334,32,21,11,6,NaN,46168322,NaN
4335,33,11,22,6,46168322,NaN,NaN
4336,33,22,11,6,NaN,46168322,NaN
4337,24,12,12,6,111088959,111088959,NaN
4338,25,12,13,6,111088959,NaN,NaN
4339,25,13,12,6,NaN,111088959,NaN
4340,26,12,14,6,111088959,NaN,NaN
4341,26,14,12,6,NaN,111088959,NaN
4342,27,12,15,6,111088959,NaN,NaN
4343,27,15,12,6,NaN,111088959,NaN
4344,28,12,16,6,111088959,NaN,NaN
4345,28,16,12,6,NaN,111088959,NaN
4346,29,12,17,6,111088959,NaN,NaN
4347,29,17,12,6,NaN,111088959,NaN
4348,30,12,18,6,111088959,NaN,NaN
4349,30,18,12,6,NaN,111088959,NaN
4350,31,12,19,6,111088959,NaN,NaN
4351,31,19,12,6,NaN,111088959,NaN
4352,32,12,20,6,111088959,NaN,NaN
4353,32,20,12,6,NaN,111088959,NaN
4354,33,12,21,6,111088959,NaN,NaN
4355,33,21,12,6,NaN,111088959,NaN
4356,34,12,22,6,111088959,NaN,NaN
4357,34,22,12,6,NaN,111088959,NaN
4358,26,13,13,6,228834318,NaN,NaN
4359,27,13,14,6,228834318,NaN,NaN
4360,27,14,13,6,NaN,228834318,NaN
4361,28,13,15,6,228834318,NaN,NaN
4362,28,15,13,6,NaN,228834318,NaN
4363,29,13,16,6,228834318,NaN,NaN
4364,29,16,13,6,NaN,228834318,NaN
4365,30,13,17,6,228834318,NaN,NaN
4366,30,17,13,6,NaN,228834318,NaN
4367,31,13,18,6,228834318,NaN,NaN
4368,31,18,13,6,NaN,228834318,NaN
4369,32,13,19,6,228834318,NaN,NaN
4370,32,19,13,6,NaN,228834318,NaN
4371,33,13,20,6,228834318,NaN,NaN
4372,33,20,13,6,NaN,228834318,NaN
4373,34,13,21,6,228834318,NaN,NaN
4374,34,21,13,6,NaN,228834318,NaN
4375,35,13,22,6,228834318,NaN,NaN
4376,35,22,13,6,NaN,228834318,NaN
4377,28,14,14,6,NaN,NaN,NaN
4378,29,14,15,6,NaN,NaN,NaN
4379,29,15,14,6,NaN,NaN,NaN
4380,30,14,16,6,NaN,NaN,NaN
4381,30,16,14,6,NaN,NaN,NaN
4382,31,14,17,6,NaN,NaN,NaN
4383,31,17,14,6,NaN,NaN,NaN
4384,32,14,18,6,NaN,NaN,NaN
4385,32,18,14,6,NaN,NaN,NaN
4386,33,14,19,6,NaN,NaN,NaN
4387,33,19,14,6,NaN,NaN,NaN
4388,34,14,20,6,NaN,NaN,NaN
4389,34,20,14,6,NaN,NaN,NaN
4390,35,14,21,6,NaN,NaN,NaN
4391,35,21,14,6,NaN,NaN,NaN
4392,36,14,22,6,NaN,NaN,NaN
4393,36,22,14,6,NaN,NaN,NaN
4394,30,15,15,6,NaN,NaN,NaN
4395,31,15,16,6,NaN,NaN,NaN
4396,31,16,15,6,NaN,NaN,NaN
4397,32,15,17,6,NaN,NaN,NaN
4398,32,17,15,6,NaN,NaN,NaN
4399,33,15,18,6,NaN,NaN,NaN
4400,33,18,15,6,NaN,NaN,NaN
4401,34,15,19,6,NaN,NaN,NaN
4402,34,19,15,6,NaN,NaN,NaN
4403,35,15,20,6,NaN,NaN,NaN
4404,35,20,15,6,NaN,NaN,NaN
4405,36,15,21,6,NaN,NaN,NaN
4406,36,21,15,6,NaN,NaN,NaN
4407,37,15,22,6,NaN,NaN,NaN
4408,37,22,15,6,NaN,NaN,NaN
4409,32,16,16,6,NaN,NaN,NaN
4410,33,16,17,6,NaN,NaN,NaN
4411,33,17,16,6,NaN,NaN,NaN
4412,34,16,18,6,NaN,NaN,NaN
4413,34,18,16,6,NaN,NaN,NaN
4414,35,16,19,6,NaN,NaN,NaN
4415,35,19,16,6,NaN,NaN,NaN
4416,36,16,20,6,NaN,NaN,NaN
4417,36,20,16,6,NaN,NaN,NaN
4418,37,16,21,6,NaN,NaN,NaN
4419,37,21,16,6,NaN,NaN,NaN
4420,38,16,22,6,NaN,NaN,NaN
4421,38,22,16,6,NaN,NaN,NaN
4422,34,17,17,6,NaN,NaN,NaN
4423,35,17,18,6,NaN,NaN,NaN
4424,35,18,17,6,NaN,NaN,NaN
4425,36,17,19,6,NaN,NaN,NaN
4426,36,19,17,6,NaN,NaN,NaN
4427,37,17,20,6,NaN,NaN,NaN
4428,37,20,17,6,NaN,NaN,NaN
4429,38,17,21,6,NaN,NaN,NaN
4430,38,21,17,6,NaN,NaN,NaN
4431,39,17,22,6,NaN,NaN,NaN
4432,39,22,17,6,NaN,NaN,NaN
4433,36,18,18,6,NaN,NaN,NaN
4434,37,18,19,6,NaN,NaN,NaN
4435,37,19,18,6,NaN,NaN,NaN
4436,38,18,20,6,NaN,NaN,NaN
4437,38,20,18,6,NaN,NaN,NaN
4438,39,18,21,6,NaN,NaN,NaN
4439,39,21,18,6,NaN,NaN,NaN
4440,40,18,22,6,NaN,NaN,NaN
4441,40,22,18,6,NaN,NaN,NaN
4442,38,19,19,6,NaN,NaN,NaN
4443,39,19,20,6,NaN,NaN,NaN
4444,39,20,19,6,NaN,NaN,NaN
4445,40,19,21,6,NaN,NaN,NaN
4446,40,21,19,6,NaN,NaN,NaN
4447,41,19,22,6,NaN,NaN,NaN
4448,41,22,19,6,NaN,NaN,NaN
4449,40,20,20,6,NaN,NaN,NaN
4450,41,20,21,6,NaN,NaN,NaN
4451,41,21,20,6,NaN,NaN,NaN
4452,42,20,22,6,NaN,NaN,NaN
4453,42,22,20,6,NaN,NaN,NaN
4454,42,21,21,6,NaN,NaN,NaN
4455,43,21,22,6,NaN,NaN,NaN
4456,43,22,21,6,NaN,NaN,NaN
4457,44,22,22,6,NaN,NaN,NaN
4458,2,1,1,7,240,240,616
4459,3,1,2,7,240,3412,4312
4460,3,2,1,7,3412,240,4312
4461,4,1,3,7,240,30936,29134
4462,4,3,1,7,30936,240,29134
4463,5,1,4,7,240,169116,126609
4464,5,4,1,7,169116,240,126609
4465,6,1,5,7,240,625666,399860
4466,6,5,1,7,625666,240,399860
4467,7,1,6,7,240,1654877,907511
4468,7,6,1,7,1654877,240,907511
4469,8,1,7,7,240,3215026,1573822
4470,8,7,1,7,3215026,240,1573822
4471,9,1,8,7,240,4634480,2009888
4472,9,8,1,7,4634480,240,2009888
4473,10,1,9,7,240,18486624,7558464
4474,10,9,1,7,18486624,240,7558464
4475,11,1,10,7,240,62621990,23803856
4476,11,10,1,7,62621990,240,23803856
4477,12,1,11,7,240,181318862,65326306
4478,12,11,1,7,181318862,240,65326306
4479,13,1,12,7,240,NaN,NaN
4480,13,12,1,7,NaN,240,NaN
4481,4,2,2,7,3412,3412,19540
4482,5,2,3,7,3412,30936,107458
4483,5,3,2,7,30936,3412,107458
4484,6,2,4,7,3412,169116,414588
4485,6,4,2,7,169116,3412,414588
4486,7,2,5,7,3412,625666,1123436
4487,7,5,2,7,625666,3412,1123436
4488,8,2,6,7,3412,1654877,2306698
4489,8,6,2,7,1654877,3412,2306698
4490,9,2,7,7,3412,3215026,3471043
4491,9,7,2,7,3215026,3412,3471043
4492,10,2,8,7,3412,4634480,4002006
4493,10,8,2,7,4634480,3412,4002006
4494,11,2,9,7,3412,18486624,14715272
4495,11,9,2,7,18486624,3412,14715272
4496,12,2,10,7,3412,62621990,46518746
4497,12,10,2,7,62621990,3412,46518746
4498,13,2,11,7,3412,181318862,123061968
4499,13,11,2,7,181318862,3412,123061968
4500,14,2,12,7,3412,NaN,NaN
4501,14,12,2,7,NaN,3412,NaN
4502,15,2,13,7,3412,NaN,NaN
4503,15,13,2,7,NaN,3412,NaN
4504,6,3,3,7,30936,30936,580600
4505,7,3,4,7,30936,169116,2100543
4506,7,4,3,7,169116,30936,2100543
4507,8,3,5,7,30936,625666,5620204
4508,8,5,3,7,625666,30936,5620204
4509,9,3,6,7,30936,1654877,10922360
4510,9,6,3,7,1654877,30936,10922360
4511,10,3,7,7,30936,3215026,16276852
4512,10,7,3,7,3215026,30936,16276852
4513,11,3,8,7,30936,4634480,17900281
4514,11,8,3,7,4634480,30936,17900281
4515,12,3,9,7,30936,18486624,67543258
4516,12,9,3,7,18486624,30936,67543258
4517,13,3,10,7,30936,62621990,210589557
4518,13,10,3,7,62621990,30936,210589557
4519,14,3,11,7,30936,181318862,565887056
4520,14,11,3,7,181318862,30936,565887056
4521,15,3,12,7,30936,NaN,NaN
4522,15,12,3,7,NaN,30936,NaN
4523,16,3,13,7,30936,NaN,NaN
4524,16,13,3,7,NaN,30936,NaN
4525,17,3,14,7,30936,NaN,NaN
4526,17,14,3,7,NaN,30936,NaN
4527,8,4,4,7,169116,169116,7484236
4528,9,4,5,7,169116,625666,18868893
4529,9,5,4,7,625666,169116,18868893
4530,10,4,6,7,169116,1654877,36025164
4531,10,6,4,7,1654877,169116,36025164
4532,11,4,7,7,169116,3215026,50680153
4533,11,7,4,7,3215026,169116,50680153
4534,12,4,8,7,169116,4634480,54692110
4535,12,8,4,7,4634480,169116,54692110
4536,13,4,9,7,169116,18486624,203953791
4537,13,9,4,7,18486624,169116,203953791
4538,14,4,10,7,169116,62621990,647098740
4539,14,10,4,7,62621990,169116,647098740
4540,15,4,11,7,169116,181318862,1709137394
4541,15,11,4,7,181318862,169116,1709137394
4542,16,4,12,7,169116,NaN,NaN
4543,16,12,4,7,NaN,169116,NaN
4544,17,4,13,7,169116,NaN,NaN
4545,17,13,4,7,NaN,169116,NaN
4546,18,4,14,7,169116,NaN,NaN
4547,18,14,4,7,NaN,169116,NaN
4548,19,4,15,7,169116,NaN,NaN
4549,19,15,4,7,NaN,169116,NaN
4550,10,5,5,7,625666,625666,46624208
4551,11,5,6,7,625666,1654877,83682345
4552,11,6,5,7,1654877,625666,83682345
4553,12,5,7,7,625666,3215026,114675732
4554,12,7,5,7,3215026,625666,114675732
4555,13,5,8,7,625666,4634480,115924132
4556,13,8,5,7,4634480,625666,115924132
4557,14,5,9,7,625666,18486624,442613254
4558,14,9,5,7,18486624,625666,442613254
4559,15,5,10,7,625666,62621990,1383653772
4560,15,10,5,7,62621990,625666,1383653772
4561,16,5,11,7,625666,181318862,NaN
4562,16,11,5,7,181318862,625666,NaN
4563,17,5,12,7,625666,NaN,NaN
4564,17,12,5,7,NaN,625666,NaN
4565,18,5,13,7,625666,NaN,NaN
4566,18,13,5,7,NaN,625666,NaN
4567,19,5,14,7,625666,NaN,NaN
4568,19,14,5,7,NaN,625666,NaN
4569,20,5,15,7,625666,NaN,NaN
4570,20,15,5,7,NaN,625666,NaN
4571,21,5,16,7,625666,NaN,NaN
4572,21,16,5,7,NaN,625666,NaN
4573,12,6,6,7,1654877,1654877,145989820
4574,13,6,7,7,1654877,3215026,186708489
4575,13,7,6,7,3215026,1654877,186708489
4576,14,6,8,7,1654877,4634480,181642836
4577,14,8,6,7,4634480,1654877,181642836
4578,15,6,9,7,1654877,18486624,687686977
4579,15,9,6,7,18486624,1654877,687686977
4580,16,6,10,7,1654877,62621990,NaN
4581,16,10,6,7,62621990,1654877,NaN
4582,17,6,11,7,1654877,181318862,1430601420
4583,17,11,6,7,181318862,1654877,1430601420
4584,18,6,12,7,1654877,NaN,NaN
4585,18,12,6,7,NaN,1654877,NaN
4586,19,6,13,7,1654877,NaN,NaN
4587,19,13,6,7,NaN,1654877,NaN
4588,20,6,14,7,1654877,NaN,NaN
4589,20,14,6,7,NaN,1654877,NaN
4590,21,6,15,7,1654877,NaN,NaN
4591,21,15,6,7,NaN,1654877,NaN
4592,22,6,16,7,1654877,NaN,NaN
4593,22,16,6,7,NaN,1654877,NaN
4594,23,6,17,7,1654877,NaN,NaN
4595,23,17,6,7,NaN,1654877,NaN
4596,14,7,7,7,3215026,3215026,229375996
4597,15,7,8,7,3215026,4634480,205638437
4598,15,8,7,7,4634480,3215026,205638437
4599,16,7,9,7,3215026,18486624,800143638
4600,16,9,7,7,18486624,3215026,800143638
4601,17,7,10,7,3215026,62621990,NaN
4602,17,10,7,7,62621990,3215026,NaN
4603,18,7,11,7,3215026,181318862,NaN
4604,18,11,7,7,181318862,3215026,NaN
4605,19,7,12,7,3215026,NaN,NaN
4606,19,12,7,7,NaN,3215026,NaN
4607,20,7,13,7,3215026,NaN,NaN
4608,20,13,7,7,NaN,3215026,NaN
4609,21,7,14,7,3215026,NaN,NaN
4610,21,14,7,7,NaN,3215026,NaN
4611,22,7,15,7,3215026,NaN,NaN
4612,22,15,7,7,NaN,3215026,NaN
4613,23,7,16,7,3215026,NaN,NaN
4614,23,16,7,7,NaN,3215026,NaN
4615,24,7,17,7,3215026,NaN,NaN
4616,24,17,7,7,NaN,3215026,NaN
4617,25,7,18,7,3215026,NaN,NaN
4618,25,18,7,7,NaN,3215026,NaN
4619,16,8,8,7,4634480,4634480,174089248
4620,17,8,9,7,4634480,18486624,677057921
4621,17,9,8,7,18486624,4634480,677057921
4622,18,8,10,7,4634480,62621990,-2126669174
4623,18,10,8,7,62621990,4634480,-2126669174
4624,19,8,11,7,4634480,181318862,1344059417
4625,19,11,8,7,181318862,4634480,1344059417
4626,20,8,12,7,4634480,NaN,NaN
4627,20,12,8,7,NaN,4634480,NaN
4628,21,8,13,7,4634480,NaN,NaN
4629,21,13,8,7,NaN,4634480,NaN
4630,22,8,14,7,4634480,NaN,NaN
4631,22,14,8,7,NaN,4634480,NaN
4632,23,8,15,7,4634480,NaN,NaN
4633,23,15,8,7,NaN,4634480,NaN
4634,24,8,16,7,4634480,NaN,NaN
4635,24,16,8,7,NaN,4634480,NaN
4636,25,8,17,7,4634480,NaN,NaN
4637,25,17,8,7,NaN,4634480,NaN
4638,26,8,18,7,4634480,NaN,NaN
4639,26,18,8,7,NaN,4634480,NaN
4640,27,8,19,7,4634480,NaN,NaN
4641,27,19,8,7,NaN,4634480,NaN
4642,18,9,9,7,18486624,18486624,-1616383820
4643,19,9,10,7,18486624,62621990,NaN
4644,19,10,9,7,62621990,18486624,NaN
4645,20,9,11,7,18486624,181318862,NaN
4646,20,11,9,7,181318862,18486624,NaN
4647,21,9,12,7,18486624,NaN,NaN
4648,21,12,9,7,NaN,18486624,NaN
4649,22,9,13,7,18486624,NaN,NaN
4650,22,13,9,7,NaN,18486624,NaN
4651,23,9,14,7,18486624,NaN,NaN
4652,23,14,9,7,NaN,18486624,NaN
4653,24,9,15,7,18486624,NaN,NaN
4654,24,15,9,7,NaN,18486624,NaN
4655,25,9,16,7,18486624,NaN,NaN
4656,25,16,9,7,NaN,18486624,NaN
4657,26,9,17,7,18486624,NaN,NaN
4658,26,17,9,7,NaN,18486624,NaN
4659,27,9,18,7,18486624,NaN,NaN
4660,27,18,9,7,NaN,18486624,NaN
4661,28,9,19,7,18486624,NaN,NaN
4662,28,19,9,7,NaN,18486624,NaN
4663,29,9,20,7,18486624,NaN,NaN
4664,29,20,9,7,NaN,18486624,NaN
4665,20,10,10,7,62621990,62621990,NaN
4666,21,10,11,7,62621990,181318862,NaN
4667,21,11,10,7,181318862,62621990,NaN
4668,22,10,12,7,62621990,NaN,NaN
4669,22,12,10,7,NaN,62621990,NaN
4670,23,10,13,7,62621990,NaN,NaN
4671,23,13,10,7,NaN,62621990,NaN
4672,24,10,14,7,62621990,NaN,NaN
4673,24,14,10,7,NaN,62621990,NaN
4674,25,10,15,7,62621990,NaN,NaN
4675,25,15,10,7,NaN,62621990,NaN
4676,26,10,16,7,62621990,NaN,NaN
4677,26,16,10,7,NaN,62621990,NaN
4678,27,10,17,7,62621990,NaN,NaN
4679,27,17,10,7,NaN,62621990,NaN
4680,28,10,18,7,62621990,NaN,NaN
4681,28,18,10,7,NaN,62621990,NaN
4682,29,10,19,7,62621990,NaN,NaN
4683,29,19,10,7,NaN,62621990,NaN
4684,30,10,20,7,62621990,NaN,NaN
4685,30,20,10,7,NaN,62621990,NaN
4686,22,11,11,7,181318862,181318862,NaN
4687,23,11,12,7,181318862,NaN,NaN
4688,23,12,11,7,NaN,181318862,NaN
4689,24,11,13,7,181318862,NaN,NaN
4690,24,13,11,7,NaN,181318862,NaN
4691,25,11,14,7,181318862,NaN,NaN
4692,25,14,11,7,NaN,181318862,NaN
4693,26,11,15,7,181318862,NaN,NaN
4694,26,15,11,7,NaN,181318862,NaN
4695,27,11,16,7,181318862,NaN,NaN
4696,27,16,11,7,NaN,181318862,NaN
4697,28,11,17,7,181318862,NaN,NaN
4698,28,17,11,7,NaN,181318862,NaN
4699,29,11,18,7,181318862,NaN,NaN
4700,29,18,11,7,NaN,181318862,NaN
4701,30,11,19,7,181318862,NaN,NaN
4702,30,19,11,7,NaN,181318862,NaN
4703,31,11,20,7,181318862,NaN,NaN
4704,31,20,11,7,NaN,181318862,NaN
4705,24,12,12,7,NaN,NaN,NaN
4706,25,12,13,7,NaN,NaN,NaN
4707,25,13,12,7,NaN,NaN,NaN
4708,26,12,14,7,NaN,NaN,NaN
4709,26,14,12,7,NaN,NaN,NaN
4710,27,12,15,7,NaN,NaN,NaN
4711,27,15,12,7,NaN,NaN,NaN
4712,28,12,16,7,NaN,NaN,NaN
4713,28,16,12,7,NaN,NaN,NaN
4714,29,12,17,7,NaN,NaN,NaN
4715,29,17,12,7,NaN,NaN,NaN
4716,30,12,18,7,NaN,NaN,NaN
4717,30,18,12,7,NaN,NaN,NaN
4718,31,12,19,7,NaN,NaN,NaN
4719,31,19,12,7,NaN,NaN,NaN
4720,32,12,20,7,NaN,NaN,NaN
4721,32,20,12,7,NaN,NaN,NaN
4722,27,13,14,7,NaN,NaN,NaN
4723,27,14,13,7,NaN,NaN,NaN
4724,28,13,15,7,NaN,NaN,NaN
4725,28,15,13,7,NaN,NaN,NaN
4726,29,13,16,7,NaN,NaN,NaN
4727,29,16,13,7,NaN,NaN,NaN
4728,30,13,17,7,NaN,NaN,NaN
4729,30,17,13,7,NaN,NaN,NaN
4730,32,13,19,7,NaN,NaN,NaN
4731,32,19,13,7,NaN,NaN,NaN
4732,33,13,20,7,NaN,NaN,NaN
4733,33,20,13,7,NaN,NaN,NaN
4734,31,14,17,7,NaN,NaN,NaN
4735,31,17,14,7,NaN,NaN,NaN
4736,31,15,16,7,NaN,NaN,NaN
4737,31,16,15,7,NaN,NaN,NaN
4738,34,15,19,7,NaN,NaN,NaN
4739,34,19,15,7,NaN,NaN,NaN
4740,34,16,18,7,NaN,NaN,NaN
4741,34,18,16,7,NaN,NaN,NaN
4742,36,16,20,7,NaN,NaN,NaN
4743,36,20,16,7,NaN,NaN,NaN
4744,34,17,17,7,NaN,NaN,NaN
4745,35,17,18,7,NaN,NaN,NaN
4746,35,18,17,7,NaN,NaN,NaN
4747,37,17,20,7,NaN,NaN,NaN
4748,37,20,17,7,NaN,NaN,NaN
4749,2,1,1,8,330,330,966
4750,3,1,2,8,330,5971,8294
4751,3,2,1,8,5971,330,8294
4752,4,1,3,8,330,62378,62930
4753,4,3,1,8,62378,330,62930
4754,5,1,4,8,330,381654,302644
4755,5,4,1,8,381654,330,302644
4756,6,1,5,8,330,1559776,1045690
4757,6,5,1,8,1559776,330,1045690
4758,7,1,6,8,330,4536640,2597877
4759,7,6,1,8,4536640,330,2597877
4760,8,1,7,8,330,9701044,4932856
4761,8,7,1,8,9701044,330,4932856
4762,9,1,8,8,330,15481481,6958970
4763,9,8,1,8,15481481,330,6958970
4764,10,1,9,8,330,63035232,26624862
4765,10,9,1,8,63035232,330,26624862
4766,11,1,10,8,330,218899365,NaN
4767,11,10,1,8,218899365,330,NaN
4768,12,1,11,8,330,NaN,NaN
4769,12,11,1,8,NaN,330,NaN
4770,13,1,12,8,330,NaN,NaN
4771,13,12,1,8,NaN,330,NaN
4772,4,2,2,8,5971,5971,44838
4773,5,2,3,8,5971,62378,271013
4774,5,3,2,8,62378,5971,271013
4775,6,2,4,8,5971,381654,1136165
4776,6,4,2,8,381654,5971,1136165
4777,7,2,5,8,5971,1559776,3346394
4778,7,5,2,8,1559776,5971,3346394
4779,8,2,6,8,5971,4536640,7463490
4780,8,6,2,8,4536640,5971,7463490
4781,9,2,7,8,5971,9701044,12295116
4782,9,7,2,8,9701044,5971,12295116
4783,10,2,8,8,5971,15481481,15631796
4784,10,8,2,8,15481481,5971,15631796
4785,11,2,9,8,5971,63035232,58115947
4786,11,9,2,8,63035232,5971,58115947
4787,12,2,10,8,5971,218899365,NaN
4788,12,10,2,8,218899365,5971,NaN
4789,13,2,11,8,5971,NaN,NaN
4790,13,11,2,8,NaN,5971,NaN
4791,14,2,12,8,5971,NaN,NaN
4792,14,12,2,8,NaN,5971,NaN
4793,15,2,13,8,5971,NaN,NaN
4794,15,13,2,8,NaN,5971,NaN
4795,6,3,3,8,62378,62378,1578508
4796,7,3,4,8,62378,381654,6149973
4797,7,4,3,8,381654,62378,6149973
4798,8,3,5,8,62378,1559776,17683010
4799,8,5,3,8,1559776,62378,17683010
4800,9,3,6,8,62378,4536640,37144758
4801,9,6,3,8,4536640,62378,37144758
4802,10,3,7,8,62378,9701044,60096608
4803,10,7,3,8,9701044,62378,60096608
4804,11,3,8,8,62378,15481481,72571323
4805,11,8,3,8,15481481,62378,72571323
4806,12,3,9,8,62378,63035232,275594450
4807,12,9,3,8,63035232,62378,275594450
4808,13,3,10,8,62378,218899365,NaN
4809,13,10,3,8,218899365,62378,NaN
4810,14,3,11,8,62378,NaN,NaN
4811,14,11,3,8,NaN,62378,NaN
4812,15,3,12,8,62378,NaN,NaN
4813,15,12,3,8,NaN,62378,NaN
4814,16,3,13,8,62378,NaN,NaN
4815,16,13,3,8,NaN,62378,NaN
4816,17,3,14,8,62378,NaN,NaN
4817,17,14,3,8,NaN,62378,NaN
4818,8,4,4,8,381654,381654,23345064
4819,9,4,5,8,381654,1559776,63000268
4820,9,5,4,8,1559776,381654,63000268
4821,10,4,6,8,381654,4536640,129146347
4822,10,6,4,8,4536640,381654,129146347
4823,11,4,7,8,381654,9701044,196859097
4824,11,7,4,8,9701044,381654,196859097
4825,12,4,8,8,381654,15481481,232094675
4826,12,8,4,8,15481481,381654,232094675
4827,13,4,9,8,381654,63035232,869878173
4828,13,9,4,8,63035232,381654,869878173
4829,14,4,10,8,381654,218899365,NaN
4830,14,10,4,8,218899365,381654,NaN
4831,15,4,11,8,381654,NaN,NaN
4832,15,11,4,8,NaN,381654,NaN
4833,16,4,12,8,381654,NaN,NaN
4834,16,12,4,8,NaN,381654,NaN
4835,17,4,13,8,381654,NaN,NaN
4836,17,13,4,8,NaN,381654,NaN
4837,18,4,14,8,381654,NaN,NaN
4838,18,14,4,8,NaN,381654,NaN
4839,19,4,15,8,381654,NaN,NaN
4840,19,15,4,8,NaN,381654,NaN
4841,10,5,5,8,1559776,1559776,165608228
4842,11,5,6,8,1559776,4536640,318775449
4843,11,6,5,8,4536640,1559776,318775449
4844,12,5,7,8,1559776,9701044,471606914
4845,12,7,5,8,9701044,1559776,471606914
4846,13,5,8,8,1559776,15481481,521095285
4847,13,8,5,8,15481481,1559776,521095285
4848,14,5,9,8,1559776,63035232,1990044718
4849,14,9,5,8,63035232,1559776,1990044718
4850,15,5,10,8,1559776,218899365,NaN
4851,15,10,5,8,218899365,1559776,NaN
4852,16,5,11,8,1559776,NaN,NaN
4853,16,11,5,8,NaN,1559776,NaN
4854,17,5,12,8,1559776,NaN,NaN
4855,17,12,5,8,NaN,1559776,NaN
4856,18,5,13,8,1559776,NaN,NaN
4857,18,13,5,8,NaN,1559776,NaN
4858,19,5,14,8,1559776,NaN,NaN
4859,19,14,5,8,NaN,1559776,NaN
4860,20,5,15,8,1559776,NaN,NaN
4861,20,15,5,8,NaN,1559776,NaN
4862,21,5,16,8,1559776,NaN,NaN
4863,21,16,5,8,NaN,1559776,NaN
4864,12,6,6,8,4536640,4536640,594491315
4865,13,6,7,8,4536640,9701044,821736384
4866,13,7,6,8,9701044,4536640,821736384
4867,14,6,8,8,4536640,15481481,872998894
4868,14,8,6,8,15481481,4536640,872998894
4869,15,6,9,8,4536640,63035232,NaN
4870,15,9,6,8,63035232,4536640,NaN
4871,16,6,10,8,4536640,218899365,NaN
4872,16,10,6,8,218899365,4536640,NaN
4873,17,6,11,8,4536640,NaN,NaN
4874,17,11,6,8,NaN,4536640,NaN
4875,18,6,12,8,4536640,NaN,NaN
4876,18,12,6,8,NaN,4536640,NaN
4877,19,6,13,8,4536640,NaN,NaN
4878,19,13,6,8,NaN,4536640,NaN
4879,20,6,14,8,4536640,NaN,NaN
4880,20,14,6,8,NaN,4536640,NaN
4881,21,6,15,8,4536640,NaN,NaN
4882,21,15,6,8,NaN,4536640,NaN
4883,22,6,16,8,4536640,NaN,NaN
4884,22,16,6,8,NaN,4536640,NaN
4885,23,6,17,8,4536640,NaN,NaN
4886,23,17,6,8,NaN,4536640,NaN
4887,14,7,7,8,9701044,9701044,1090392262
4888,15,7,8,8,9701044,15481481,1071518688
4889,15,8,7,8,15481481,9701044,1071518688
4890,16,7,9,8,9701044,63035232,NaN
4891,16,9,7,8,63035232,9701044,NaN
4892,17,7,10,8,9701044,218899365,NaN
4893,17,10,7,8,218899365,9701044,NaN
4894,18,7,11,8,9701044,NaN,NaN
4895,18,11,7,8,NaN,9701044,NaN
4896,19,7,12,8,9701044,NaN,NaN
4897,19,12,7,8,NaN,9701044,NaN
4898,20,7,13,8,9701044,NaN,NaN
4899,20,13,7,8,NaN,9701044,NaN
4900,21,7,14,8,9701044,NaN,NaN
4901,21,14,7,8,NaN,9701044,NaN
4902,22,7,15,8,9701044,NaN,NaN
4903,22,15,7,8,NaN,9701044,NaN
4904,23,7,16,8,9701044,NaN,NaN
4905,23,16,7,8,NaN,9701044,NaN
4906,24,7,17,8,9701044,NaN,NaN
4907,24,17,7,8,NaN,9701044,NaN
4908,25,7,18,8,9701044,NaN,NaN
4909,25,18,7,8,NaN,9701044,NaN
4910,16,8,8,8,15481481,15481481,996878054
4911,17,8,9,8,15481481,63035232,-466421396
4912,17,9,8,8,63035232,15481481,-466421396
4913,18,8,10,8,15481481,218899365,NaN
4914,18,10,8,8,218899365,15481481,NaN
4915,19,8,11,8,15481481,NaN,NaN
4916,19,11,8,8,NaN,15481481,NaN
4917,20,8,12,8,15481481,NaN,NaN
4918,20,12,8,8,NaN,15481481,NaN
4919,21,8,13,8,15481481,NaN,NaN
4920,21,13,8,8,NaN,15481481,NaN
4921,22,8,14,8,15481481,NaN,NaN
4922,22,14,8,8,NaN,15481481,NaN
4923,23,8,15,8,15481481,NaN,NaN
4924,23,15,8,8,NaN,15481481,NaN
4925,24,8,16,8,15481481,NaN,NaN
4926,24,16,8,8,NaN,15481481,NaN
4927,25,8,17,8,15481481,NaN,NaN
4928,25,17,8,8,NaN,15481481,NaN
4929,26,8,18,8,15481481,NaN,NaN
4930,26,18,8,8,NaN,15481481,NaN
4931,27,8,19,8,15481481,NaN,NaN
4932,27,19,8,8,NaN,15481481,NaN
4933,18,9,9,8,63035232,63035232,NaN
4934,19,9,10,8,63035232,218899365,NaN
4935,19,10,9,8,218899365,63035232,NaN
4936,20,9,11,8,63035232,NaN,NaN
4937,20,11,9,8,NaN,63035232,NaN
4938,21,9,12,8,63035232,NaN,NaN
4939,21,12,9,8,NaN,63035232,NaN
4940,22,9,13,8,63035232,NaN,NaN
4941,22,13,9,8,NaN,63035232,NaN
4942,23,9,14,8,63035232,NaN,NaN
4943,23,14,9,8,NaN,63035232,NaN
4944,24,9,15,8,63035232,NaN,NaN
4945,24,15,9,8,NaN,63035232,NaN
4946,25,9,16,8,63035232,NaN,NaN
4947,25,16,9,8,NaN,63035232,NaN
4948,26,9,17,8,63035232,NaN,NaN
4949,26,17,9,8,NaN,63035232,NaN
4950,27,9,18,8,63035232,NaN,NaN
4951,27,18,9,8,NaN,63035232,NaN
4952,28,9,19,8,63035232,NaN,NaN
4953,28,19,9,8,NaN,63035232,NaN
4954,29,9,20,8,63035232,NaN,NaN
4955,29,20,9,8,NaN,63035232,NaN
4956,20,10,10,8,218899365,NaN,NaN
4957,21,10,11,8,218899365,NaN,NaN
4958,21,11,10,8,NaN,218899365,NaN
4959,22,10,12,8,218899365,NaN,NaN
4960,22,12,10,8,NaN,218899365,NaN
4961,23,10,13,8,218899365,NaN,NaN
4962,23,13,10,8,NaN,218899365,NaN
4963,24,10,14,8,218899365,NaN,NaN
4964,24,14,10,8,NaN,218899365,NaN
4965,25,10,15,8,218899365,NaN,NaN
4966,25,15,10,8,NaN,218899365,NaN
4967,26,10,16,8,218899365,NaN,NaN
4968,26,16,10,8,NaN,218899365,NaN
4969,27,10,17,8,218899365,NaN,NaN
4970,27,17,10,8,NaN,218899365,NaN
4971,28,10,18,8,218899365,NaN,NaN
4972,28,18,10,8,NaN,218899365,NaN
4973,29,10,19,8,218899365,NaN,NaN
4974,29,19,10,8,NaN,218899365,NaN
4975,30,10,20,8,218899365,NaN,NaN
4976,30,20,10,8,NaN,218899365,NaN
4977,22,11,11,8,NaN,NaN,NaN
4978,23,11,12,8,NaN,NaN,NaN
4979,23,12,11,8,NaN,NaN,NaN
4980,24,11,13,8,NaN,NaN,NaN
4981,24,13,11,8,NaN,NaN,NaN
4982,25,11,14,8,NaN,NaN,NaN
4983,25,14,11,8,NaN,NaN,NaN
4984,26,11,15,8,NaN,NaN,NaN
4985,26,15,11,8,NaN,NaN,NaN
4986,27,11,16,8,NaN,NaN,NaN
4987,27,16,11,8,NaN,NaN,NaN
4988,28,11,17,8,NaN,NaN,NaN
4989,28,17,11,8,NaN,NaN,NaN
4990,29,11,18,8,NaN,NaN,NaN
4991,29,18,11,8,NaN,NaN,NaN
4992,30,11,19,8,NaN,NaN,NaN
4993,30,19,11,8,NaN,NaN,NaN
4994,31,11,20,8,NaN,NaN,NaN
4995,31,20,11,8,NaN,NaN,NaN
4996,24,12,12,8,NaN,NaN,NaN
4997,25,12,13,8,NaN,NaN,NaN
4998,25,13,12,8,NaN,NaN,NaN
4999,26,12,14,8,NaN,NaN,NaN
5000,26,14,12,8,NaN,NaN,NaN
5001,27,12,15,8,NaN,NaN,NaN
5002,27,15,12,8,NaN,NaN,NaN
5003,28,12,16,8,NaN,NaN,NaN
5004,28,16,12,8,NaN,NaN,NaN
5005,29,12,17,8,NaN,NaN,NaN
5006,29,17,12,8,NaN,NaN,NaN
5007,30,12,18,8,NaN,NaN,NaN
5008,30,18,12,8,NaN,NaN,NaN
5009,31,12,19,8,NaN,NaN,NaN
5010,31,19,12,8,NaN,NaN,NaN
5011,32,12,20,8,NaN,NaN,NaN
5012,32,20,12,8,NaN,NaN,NaN
5013,26,13,13,8,NaN,NaN,NaN
5014,28,13,15,8,NaN,NaN,NaN
5015,28,15,13,8,NaN,NaN,NaN
5016,29,13,16,8,NaN,NaN,NaN
5017,29,16,13,8,NaN,NaN,NaN
5018,30,13,17,8,NaN,NaN,NaN
5019,30,17,13,8,NaN,NaN,NaN
5020,32,13,19,8,NaN,NaN,NaN
5021,32,19,13,8,NaN,NaN,NaN
5022,33,13,20,8,NaN,NaN,NaN
5023,33,20,13,8,NaN,NaN,NaN
5024,31,14,17,8,NaN,NaN,NaN
5025,31,17,14,8,NaN,NaN,NaN
5026,32,16,16,8,NaN,NaN,NaN
5027,34,16,18,8,NaN,NaN,NaN
5028,34,18,16,8,NaN,NaN,NaN
5029,34,17,17,8,NaN,NaN,NaN
5030,35,17,18,8,NaN,NaN,NaN
5031,35,18,17,8,NaN,NaN,NaN
5032,37,17,20,8,NaN,NaN,NaN
5033,37,20,17,8,NaN,NaN,NaN
5034,40,20,20,8,NaN,NaN,NaN
5035,2,1,1,9,330,330,1416
5036,3,1,2,9,330,9755,15093
5037,3,2,1,9,9755,330,15093
5038,4,1,3,9,330,118010,128396
5039,4,3,1,9,118010,330,128396
5040,5,1,4,9,330,809838,681690
5041,5,4,1,9,809838,330,681690
5042,6,1,5,9,330,3650864,2570188
5043,6,5,1,9,3650864,330,2570188
5044,7,1,6,9,330,11631772,6958200
5045,7,6,1,9,11631772,330,6958200
5046,8,1,7,9,330,27218620,14383298
5047,8,7,1,9,27218620,330,14383298
5048,9,1,8,9,330,47699269,22229236
5049,9,8,1,9,47699269,330,22229236
5050,10,1,9,9,330,198942066,86843810
5051,10,9,1,9,198942066,330,86843810
5052,11,1,10,9,330,NaN,NaN
5053,11,10,1,9,NaN,330,NaN
5054,12,1,11,9,330,NaN,NaN
5055,12,11,1,9,NaN,330,NaN
5056,13,1,12,9,330,NaN,NaN
5057,13,12,1,9,NaN,330,NaN
5058,4,2,2,9,9755,9755,96300
5059,5,2,3,9,9755,118010,640264
5060,5,3,2,9,118010,9755,640264
5061,6,2,4,9,9755,809838,2911908
5062,6,4,2,9,809838,9755,2911908
5063,7,2,5,9,9755,3650864,9292359
5064,7,5,2,9,3650864,9755,9292359
5065,8,2,6,9,9755,11631772,22412332
5066,8,6,2,9,11631772,9755,22412332
5067,9,2,7,9,9755,27218620,40156104
5068,9,7,2,9,27218620,9755,40156104
5069,10,2,8,9,9755,47699269,55802466
5070,10,8,2,9,47699269,9755,55802466
5071,11,2,9,9,9755,198942066,210697858
5072,11,9,2,9,198942066,9755,210697858
5073,12,2,10,9,9755,NaN,NaN
5074,12,10,2,9,NaN,9755,NaN
5075,13,2,11,9,9755,NaN,NaN
5076,13,11,2,9,NaN,9755,NaN
5077,14,2,12,9,9755,NaN,NaN
5078,14,12,2,9,NaN,9755,NaN
5079,15,2,13,9,9755,NaN,NaN
5080,15,13,2,9,NaN,9755,NaN
5081,6,3,3,9,118010,118010,4020224
5082,7,3,4,9,118010,809838,16843185
5083,7,4,3,9,809838,118010,16843185
5084,8,3,5,9,118010,3650864,51920236
5085,8,5,3,9,3650864,118010,51920236
5086,9,3,6,9,118010,11631772,117381977
5087,9,6,3,9,11631772,118010,117381977
5088,10,3,7,9,118010,27218620,204994716
5089,10,7,3,9,27218620,118010,204994716
5090,11,3,8,9,118010,47699269,269573525
5091,11,8,3,9,47699269,118010,269573525
5092,12,3,9,9,118010,198942066,1034926248
5093,12,9,3,9,198942066,118010,1034926248
5094,13,3,10,9,118010,NaN,NaN
5095,13,10,3,9,NaN,118010,NaN
5096,14,3,11,9,118010,NaN,NaN
5097,14,11,3,9,NaN,118010,NaN
5098,15,3,12,9,118010,NaN,NaN
5099,15,12,3,9,NaN,118010,NaN
5100,16,3,13,9,118010,NaN,NaN
5101,16,13,3,9,NaN,118010,NaN
5102,17,3,14,9,118010,NaN,NaN
5103,17,14,3,9,NaN,118010,NaN
5104,8,4,4,9,809838,809838,68060448
5105,9,4,5,9,809838,3650864,196112047
5106,9,5,4,9,3650864,809838,196112047
5107,10,4,6,9,809838,11631772,429991968
5108,10,6,4,9,11631772,809838,429991968
5109,11,4,7,9,809838,27218620,706025800
5110,11,7,4,9,27218620,809838,706025800
5111,12,4,8,9,809838,47699269,902318456
5112,12,8,4,9,47699269,809838,902318456
5113,13,4,9,9,809838,198942066,NaN
5114,13,9,4,9,198942066,809838,NaN
5115,14,4,10,9,809838,NaN,NaN
5116,14,10,4,9,NaN,809838,NaN
5117,15,4,11,9,809838,NaN,NaN
5118,15,11,4,9,NaN,809838,NaN
5119,16,4,12,9,809838,NaN,NaN
5120,16,12,4,9,NaN,809838,NaN
5121,17,4,13,9,809838,NaN,NaN
5122,17,13,4,9,NaN,809838,NaN
5123,18,4,14,9,809838,NaN,NaN
5124,18,14,4,9,NaN,809838,NaN
5125,19,4,15,9,809838,NaN,NaN
5126,19,15,4,9,NaN,809838,NaN
5127,10,5,5,9,3650864,3650864,547200240
5128,11,5,6,9,3650864,11631772,1124948492
5129,11,6,5,9,11631772,3650864,1124948492
5130,12,5,7,9,3650864,27218620,1786482476
5131,12,7,5,9,27218620,3650864,1786482476
5132,13,5,8,9,3650864,47699269,2139934521
5133,13,8,5,9,47699269,3650864,2139934521
5134,14,5,9,9,3650864,198942066,NaN
5135,14,9,5,9,198942066,3650864,NaN
5136,15,5,10,9,3650864,NaN,NaN
5137,15,10,5,9,NaN,3650864,NaN
5138,16,5,11,9,3650864,NaN,NaN
5139,16,11,5,9,NaN,3650864,NaN
5140,17,5,12,9,3650864,NaN,NaN
5141,17,12,5,9,NaN,3650864,NaN
5142,18,5,13,9,3650864,NaN,NaN
5143,18,13,5,9,NaN,3650864,NaN
5144,19,5,14,9,3650864,NaN,NaN
5145,19,14,5,9,NaN,3650864,NaN
5146,20,5,15,9,3650864,NaN,NaN
5147,20,15,5,9,NaN,3650864,NaN
5148,21,5,16,9,3650864,NaN,NaN
5149,21,16,5,9,NaN,3650864,NaN
5150,12,6,6,9,11631772,11631772,-2061434580
5151,13,6,7,9,11631772,27218620,NaN
5152,13,7,6,9,27218620,11631772,NaN
5153,14,6,8,9,11631772,47699269,-480418594
5154,14,8,6,9,47699269,11631772,-480418594
5155,15,6,9,9,11631772,198942066,NaN
5156,15,9,6,9,198942066,11631772,NaN
5157,16,6,10,9,11631772,NaN,NaN
5158,16,10,6,9,NaN,11631772,NaN
5159,17,6,11,9,11631772,NaN,NaN
5160,17,11,6,9,NaN,11631772,NaN
5161,18,6,12,9,11631772,NaN,NaN
5162,18,12,6,9,NaN,11631772,NaN
5163,19,6,13,9,11631772,NaN,NaN
5164,19,13,6,9,NaN,11631772,NaN
5165,20,6,14,9,11631772,NaN,NaN
5166,20,14,6,9,NaN,11631772,NaN
5167,21,6,15,9,11631772,NaN,NaN
5168,21,15,6,9,NaN,11631772,NaN
5169,22,6,16,9,11631772,NaN,NaN
5170,22,16,6,9,NaN,11631772,NaN
5171,23,6,17,9,11631772,NaN,NaN
5172,23,17,6,9,NaN,11631772,NaN
5173,14,7,7,9,27218620,27218620,426444868
5174,15,7,8,9,27218620,47699269,742977673
5175,15,8,7,9,47699269,27218620,742977673
5176,16,7,9,9,27218620,198942066,NaN
5177,16,9,7,9,198942066,27218620,NaN
5178,17,7,10,9,27218620,NaN,NaN
5179,17,10,7,9,NaN,27218620,NaN
5180,18,7,11,9,27218620,NaN,NaN
5181,18,11,7,9,NaN,27218620,NaN
5182,19,7,12,9,27218620,NaN,NaN
5183,19,12,7,9,NaN,27218620,NaN
5184,20,7,13,9,27218620,NaN,NaN
5185,20,13,7,9,NaN,27218620,NaN
5186,21,7,14,9,27218620,NaN,NaN
5187,21,14,7,9,NaN,27218620,NaN
5188,22,7,15,9,27218620,NaN,NaN
5189,22,15,7,9,NaN,27218620,NaN
5190,23,7,16,9,27218620,NaN,NaN
5191,23,16,7,9,NaN,27218620,NaN
5192,24,7,17,9,27218620,NaN,NaN
5193,24,17,7,9,NaN,27218620,NaN
5194,25,7,18,9,27218620,NaN,NaN
5195,25,18,7,9,NaN,27218620,NaN
5196,16,8,8,9,47699269,47699269,802891364
5197,17,8,9,9,47699269,198942066,NaN
5198,17,9,8,9,198942066,47699269,NaN
5199,18,8,10,9,47699269,NaN,NaN
5200,18,10,8,9,NaN,47699269,NaN
5201,19,8,11,9,47699269,NaN,NaN
5202,19,11,8,9,NaN,47699269,NaN
5203,20,8,12,9,47699269,NaN,NaN
5204,20,12,8,9,NaN,47699269,NaN
5205,21,8,13,9,47699269,NaN,NaN
5206,21,13,8,9,NaN,47699269,NaN
5207,22,8,14,9,47699269,NaN,NaN
5208,22,14,8,9,NaN,47699269,NaN
5209,23,8,15,9,47699269,NaN,NaN
5210,23,15,8,9,NaN,47699269,NaN
5211,24,8,16,9,47699269,NaN,NaN
5212,24,16,8,9,NaN,47699269,NaN
5213,25,8,17,9,47699269,NaN,NaN
5214,25,17,8,9,NaN,47699269,NaN
5215,26,8,18,9,47699269,NaN,NaN
5216,26,18,8,9,NaN,47699269,NaN
5217,27,8,19,9,47699269,NaN,NaN
5218,27,19,8,9,NaN,47699269,NaN
5219,18,9,9,9,198942066,198942066,NaN
5220,19,9,10,9,198942066,NaN,NaN
5221,19,10,9,9,NaN,198942066,NaN
5222,20,9,11,9,198942066,NaN,NaN
5223,20,11,9,9,NaN,198942066,NaN
5224,21,9,12,9,198942066,NaN,NaN
5225,21,12,9,9,NaN,198942066,NaN
5226,22,9,13,9,198942066,NaN,NaN
5227,22,13,9,9,NaN,198942066,NaN
5228,23,9,14,9,198942066,NaN,NaN
5229,23,14,9,9,NaN,198942066,NaN
5230,24,9,15,9,198942066,NaN,NaN
5231,24,15,9,9,NaN,198942066,NaN
5232,25,9,16,9,198942066,NaN,NaN
5233,25,16,9,9,NaN,198942066,NaN
5234,26,9,17,9,198942066,NaN,NaN
5235,26,17,9,9,NaN,198942066,NaN
5236,27,9,18,9,198942066,NaN,NaN
5237,27,18,9,9,NaN,198942066,NaN
5238,28,9,19,9,198942066,NaN,NaN
5239,28,19,9,9,NaN,198942066,NaN
5240,29,9,20,9,198942066,NaN,NaN
5241,29,20,9,9,NaN,198942066,NaN
5242,20,10,10,9,NaN,NaN,NaN
5243,21,10,11,9,NaN,NaN,NaN
5244,21,11,10,9,NaN,NaN,NaN
5245,22,10,12,9,NaN,NaN,NaN
5246,22,12,10,9,NaN,NaN,NaN
5247,23,10,13,9,NaN,NaN,NaN
5248,23,13,10,9,NaN,NaN,NaN
5249,24,10,14,9,NaN,NaN,NaN
5250,24,14,10,9,NaN,NaN,NaN
5251,25,10,15,9,NaN,NaN,NaN
5252,25,15,10,9,NaN,NaN,NaN
5253,26,10,16,9,NaN,NaN,NaN
5254,26,16,10,9,NaN,NaN,NaN
5255,27,10,17,9,NaN,NaN,NaN
5256,27,17,10,9,NaN,NaN,NaN
5257,28,10,18,9,NaN,NaN,NaN
5258,28,18,10,9,NaN,NaN,NaN
5259,29,10,19,9,NaN,NaN,NaN
5260,29,19,10,9,NaN,NaN,NaN
5261,30,10,20,9,NaN,NaN,NaN
5262,30,20,10,9,NaN,NaN,NaN
5263,22,11,11,9,NaN,NaN,NaN
5264,23,11,12,9,NaN,NaN,NaN
5265,23,12,11,9,NaN,NaN,NaN
5266,24,11,13,9,NaN,NaN,NaN
5267,24,13,11,9,NaN,NaN,NaN
5268,25,11,14,9,NaN,NaN,NaN
5269,25,14,11,9,NaN,NaN,NaN
5270,26,11,15,9,NaN,NaN,NaN
5271,26,15,11,9,NaN,NaN,NaN
5272,27,11,16,9,NaN,NaN,NaN
5273,27,16,11,9,NaN,NaN,NaN
5274,28,11,17,9,NaN,NaN,NaN
5275,28,17,11,9,NaN,NaN,NaN
5276,29,11,18,9,NaN,NaN,NaN
5277,29,18,11,9,NaN,NaN,NaN
5278,30,11,19,9,NaN,NaN,NaN
5279,30,19,11,9,NaN,NaN,NaN
5280,31,11,20,9,NaN,NaN,NaN
5281,31,20,11,9,NaN,NaN,NaN
5282,24,12,12,9,NaN,NaN,NaN
5283,25,12,13,9,NaN,NaN,NaN
5284,25,13,12,9,NaN,NaN,NaN
5285,26,12,14,9,NaN,NaN,NaN
5286,26,14,12,9,NaN,NaN,NaN
5287,27,12,15,9,NaN,NaN,NaN
5288,27,15,12,9,NaN,NaN,NaN
5289,28,12,16,9,NaN,NaN,NaN
5290,28,16,12,9,NaN,NaN,NaN
5291,29,12,17,9,NaN,NaN,NaN
5292,29,17,12,9,NaN,NaN,NaN
5293,30,12,18,9,NaN,NaN,NaN
5294,30,18,12,9,NaN,NaN,NaN
5295,31,12,19,9,NaN,NaN,NaN
5296,31,19,12,9,NaN,NaN,NaN
5297,32,12,20,9,NaN,NaN,NaN
5298,32,20,12,9,NaN,NaN,NaN
5299,28,13,15,9,NaN,NaN,NaN
5300,28,15,13,9,NaN,NaN,NaN
5301,29,13,16,9,NaN,NaN,NaN
5302,29,16,13,9,NaN,NaN,NaN
5303,30,13,17,9,NaN,NaN,NaN
5304,30,17,13,9,NaN,NaN,NaN
5305,32,13,19,9,NaN,NaN,NaN
5306,32,19,13,9,NaN,NaN,NaN
5307,30,14,16,9,NaN,NaN,NaN
5308,30,16,14,9,NaN,NaN,NaN
5309,30,15,15,9,NaN,NaN,NaN
5310,33,15,18,9,NaN,NaN,NaN
5311,33,18,15,9,NaN,NaN,NaN
5312,34,17,17,9,NaN,NaN,NaN
5313,35,17,18,9,NaN,NaN,NaN
5314,35,18,17,9,NaN,NaN,NaN
5315,37,17,20,9,NaN,NaN,NaN
5316,37,20,17,9,NaN,NaN,NaN
5317,37,18,19,9,NaN,NaN,NaN
5318,37,19,18,9,NaN,NaN,NaN
5319,2,1,1,10,330,330,1968
5320,3,1,2,10,330,14816,26050
5321,3,2,1,10,14816,330,26050
5322,4,1,3,10,330,210992,248912
5323,4,3,1,10,210992,330,248912
5324,5,1,4,10,330,1625652,1457104
5325,5,4,1,10,1625652,330,1457104
5326,6,1,5,10,330,8077646,5982534
5327,6,5,1,10,8077646,330,5982534
5328,7,1,6,10,330,28124482,17590142
5329,7,6,1,10,28124482,330,17590142
5330,8,1,7,10,330,71724314,39408712
5331,8,7,1,10,71724314,330,39408712
5332,9,1,8,10,330,137193175,66300212
5333,9,8,1,10,137193175,330,66300212
5334,10,1,9,10,330,NaN,NaN
5335,10,9,1,10,NaN,330,NaN
5336,11,1,10,10,330,NaN,NaN
5337,11,10,1,10,NaN,330,NaN
5338,12,1,11,10,330,NaN,NaN
5339,12,11,1,10,NaN,330,NaN
5340,13,1,12,10,330,NaN,NaN
5341,13,12,1,10,NaN,330,NaN
5342,4,2,2,10,14816,14816,195822
5343,5,2,3,10,14816,210992,1428796
5344,5,3,2,10,210992,14816,1428796
5345,6,2,4,10,14816,1625652,7042271
5346,6,4,2,10,1625652,14816,7042271
5347,7,2,5,10,14816,8077646,24285203
5348,7,5,2,10,8077646,14816,24285203
5349,8,2,6,10,14816,28124482,63128517
5350,8,6,2,10,28124482,14816,63128517
5351,9,2,7,10,14816,71724314,122367069
5352,9,7,2,10,71724314,14816,122367069
5353,10,2,8,10,14816,137193175,184609752
5354,10,8,2,10,137193175,14816,184609752
5355,11,2,9,10,14816,NaN,NaN
5356,11,9,2,10,NaN,14816,NaN
5357,12,2,10,10,14816,NaN,NaN
5358,12,10,2,10,NaN,14816,NaN
5359,13,2,11,10,14816,NaN,NaN
5360,13,11,2,10,NaN,14816,NaN
5361,14,2,12,10,14816,NaN,NaN
5362,14,12,2,10,NaN,14816,NaN
5363,15,2,13,10,14816,NaN,NaN
5364,15,13,2,10,NaN,14816,NaN
5365,6,3,3,10,210992,210992,9673246
5366,7,3,4,10,210992,1625652,43524646
5367,7,4,3,10,1625652,210992,43524646
5368,8,3,5,10,210992,8077646,143555456
5369,8,5,3,10,8077646,210992,143555456
5370,9,3,6,10,210992,28124482,348110740
5371,9,6,3,10,28124482,210992,348110740
5372,10,3,7,10,210992,71724314,653239336
5373,10,7,3,10,71724314,210992,653239336
5374,11,3,8,10,210992,137193175,929412245
5375,11,8,3,10,137193175,210992,929412245
5376,12,3,9,10,210992,NaN,NaN
5377,12,9,3,10,NaN,210992,NaN
5378,13,3,10,10,210992,NaN,NaN
5379,13,10,3,10,NaN,210992,NaN
5380,14,3,11,10,210992,NaN,NaN
5381,14,11,3,10,NaN,210992,NaN
5382,15,3,12,10,210992,NaN,NaN
5383,15,12,3,10,NaN,210992,NaN
5384,16,3,13,10,210992,NaN,NaN
5385,16,13,3,10,NaN,210992,NaN
5386,17,3,14,10,210992,NaN,NaN
5387,17,14,3,10,NaN,210992,NaN
5388,8,4,4,10,1625652,1625652,187084730
5389,9,4,5,10,1625652,8077646,574343805
5390,9,5,4,10,8077646,1625652,574343805
5391,10,4,6,10,1625652,28124482,1342798788
5392,10,6,4,10,28124482,1625652,1342798788
5393,11,4,7,10,1625652,71724314,NaN
5394,11,7,4,10,71724314,1625652,NaN
5395,12,4,8,10,1625652,137193175,NaN
5396,12,8,4,10,137193175,1625652,NaN
5397,13,4,9,10,1625652,NaN,NaN
5398,13,9,4,10,NaN,1625652,NaN
5399,14,4,10,10,1625652,NaN,NaN
5400,14,10,4,10,NaN,1625652,NaN
5401,15,4,11,10,1625652,NaN,NaN
5402,15,11,4,10,NaN,1625652,NaN
5403,16,4,12,10,1625652,NaN,NaN
5404,16,12,4,10,NaN,1625652,NaN
5405,17,4,13,10,1625652,NaN,NaN
5406,17,13,4,10,NaN,1625652,NaN
5407,18,4,14,10,1625652,NaN,NaN
5408,18,14,4,10,NaN,1625652,NaN
5409,19,4,15,10,1625652,NaN,NaN
5410,19,15,4,10,NaN,1625652,NaN
5411,10,5,5,10,8077646,8077646,1697904336
5412,11,5,6,10,8077646,28124482,NaN
5413,11,6,5,10,28124482,8077646,NaN
5414,12,5,7,10,8077646,71724314,NaN
5415,12,7,5,10,71724314,8077646,NaN
5416,13,5,8,10,8077646,137193175,NaN
5417,13,8,5,10,137193175,8077646,NaN
5418,14,5,9,10,8077646,NaN,NaN
5419,14,9,5,10,NaN,8077646,NaN
5420,15,5,10,10,8077646,NaN,NaN
5421,15,10,5,10,NaN,8077646,NaN
5422,16,5,11,10,8077646,NaN,NaN
5423,16,11,5,10,NaN,8077646,NaN
5424,17,5,12,10,8077646,NaN,NaN
5425,17,12,5,10,NaN,8077646,NaN
5426,18,5,13,10,8077646,NaN,NaN
5427,18,13,5,10,NaN,8077646,NaN
5428,19,5,14,10,8077646,NaN,NaN
5429,19,14,5,10,NaN,8077646,NaN
5430,20,5,15,10,8077646,NaN,NaN
5431,20,15,5,10,NaN,8077646,NaN
5432,21,5,16,10,8077646,NaN,NaN
5433,21,16,5,10,NaN,8077646,NaN
5434,12,6,6,10,28124482,28124482,NaN
5435,13,6,7,10,28124482,71724314,NaN
5436,13,7,6,10,71724314,28124482,NaN
5437,14,6,8,10,28124482,137193175,NaN
5438,14,8,6,10,137193175,28124482,NaN
5439,15,6,9,10,28124482,NaN,NaN
5440,15,9,6,10,NaN,28124482,NaN
5441,16,6,10,10,28124482,NaN,NaN
5442,16,10,6,10,NaN,28124482,NaN
5443,17,6,11,10,28124482,NaN,NaN
5444,17,11,6,10,NaN,28124482,NaN
5445,18,6,12,10,28124482,NaN,NaN
5446,18,12,6,10,NaN,28124482,NaN
5447,19,6,13,10,28124482,NaN,NaN
5448,19,13,6,10,NaN,28124482,NaN
5449,20,6,14,10,28124482,NaN,NaN
5450,20,14,6,10,NaN,28124482,NaN
5451,21,6,15,10,28124482,NaN,NaN
5452,21,15,6,10,NaN,28124482,NaN
5453,22,6,16,10,28124482,NaN,NaN
5454,22,16,6,10,NaN,28124482,NaN
5455,23,6,17,10,28124482,NaN,NaN
5456,23,17,6,10,NaN,28124482,NaN
5457,14,7,7,10,71724314,71724314,NaN
5458,15,7,8,10,71724314,137193175,NaN
5459,15,8,7,10,137193175,71724314,NaN
5460,16,7,9,10,71724314,NaN,NaN
5461,16,9,7,10,NaN,71724314,NaN
5462,17,7,10,10,71724314,NaN,NaN
5463,17,10,7,10,NaN,71724314,NaN
5464,18,7,11,10,71724314,NaN,NaN
5465,18,11,7,10,NaN,71724314,NaN
5466,19,7,12,10,71724314,NaN,NaN
5467,19,12,7,10,NaN,71724314,NaN
5468,20,7,13,10,71724314,NaN,NaN
5469,20,13,7,10,NaN,71724314,NaN
5470,21,7,14,10,71724314,NaN,NaN
5471,21,14,7,10,NaN,71724314,NaN
5472,22,7,15,10,71724314,NaN,NaN
5473,22,15,7,10,NaN,71724314,NaN
5474,23,7,16,10,71724314,NaN,NaN
5475,23,16,7,10,NaN,71724314,NaN
5476,24,7,17,10,71724314,NaN,NaN
5477,24,17,7,10,NaN,71724314,NaN
5478,25,7,18,10,71724314,NaN,NaN
5479,25,18,7,10,NaN,71724314,NaN
5480,16,8,8,10,137193175,137193175,NaN
5481,17,8,9,10,137193175,NaN,NaN
5482,17,9,8,10,NaN,137193175,NaN
5483,18,8,10,10,137193175,NaN,NaN
5484,18,10,8,10,NaN,137193175,NaN
5485,19,8,11,10,137193175,NaN,NaN
5486,19,11,8,10,NaN,137193175,NaN
5487,20,8,12,10,137193175,NaN,NaN
5488,20,12,8,10,NaN,137193175,NaN
5489,21,8,13,10,137193175,NaN,NaN
5490,21,13,8,10,NaN,137193175,NaN
5491,22,8,14,10,137193175,NaN,NaN
5492,22,14,8,10,NaN,137193175,NaN
5493,23,8,15,10,137193175,NaN,NaN
5494,23,15,8,10,NaN,137193175,NaN
5495,24,8,16,10,137193175,NaN,NaN
5496,24,16,8,10,NaN,137193175,NaN
5497,25,8,17,10,137193175,NaN,NaN
5498,25,17,8,10,NaN,137193175,NaN
5499,26,8,18,10,137193175,NaN,NaN
5500,26,18,8,10,NaN,137193175,NaN
5501,27,8,19,10,137193175,NaN,NaN
5502,27,19,8,10,NaN,137193175,NaN
5503,18,9,9,10,NaN,NaN,NaN
5504,19,9,10,10,NaN,NaN,NaN
5505,19,10,9,10,NaN,NaN,NaN
5506,20,9,11,10,NaN,NaN,NaN
5507,20,11,9,10,NaN,NaN,NaN
5508,21,9,12,10,NaN,NaN,NaN
5509,21,12,9,10,NaN,NaN,NaN
5510,22,9,13,10,NaN,NaN,NaN
5511,22,13,9,10,NaN,NaN,NaN
5512,23,9,14,10,NaN,NaN,NaN
5513,23,14,9,10,NaN,NaN,NaN
5514,24,9,15,10,NaN,NaN,NaN
5515,24,15,9,10,NaN,NaN,NaN
5516,25,9,16,10,NaN,NaN,NaN
5517,25,16,9,10,NaN,NaN,NaN
5518,26,9,17,10,NaN,NaN,NaN
5519,26,17,9,10,NaN,NaN,NaN
5520,27,9,18,10,NaN,NaN,NaN
5521,27,18,9,10,NaN,NaN,NaN
5522,28,9,19,10,NaN,NaN,NaN
5523,28,19,9,10,NaN,NaN,NaN
5524,29,9,20,10,NaN,NaN,NaN
5525,29,20,9,10,NaN,NaN,NaN
5526,20,10,10,10,NaN,NaN,NaN
5527,21,10,11,10,NaN,NaN,NaN
5528,21,11,10,10,NaN,NaN,NaN
5529,22,10,12,10,NaN,NaN,NaN
5530,22,12,10,10,NaN,NaN,NaN
5531,23,10,13,10,NaN,NaN,NaN
5532,23,13,10,10,NaN,NaN,NaN
5533,24,10,14,10,NaN,NaN,NaN
5534,24,14,10,10,NaN,NaN,NaN
5535,25,10,15,10,NaN,NaN,NaN
5536,25,15,10,10,NaN,NaN,NaN
5537,26,10,16,10,NaN,NaN,NaN
5538,26,16,10,10,NaN,NaN,NaN
5539,27,10,17,10,NaN,NaN,NaN
5540,27,17,10,10,NaN,NaN,NaN
5541,28,10,18,10,NaN,NaN,NaN
5542,28,18,10,10,NaN,NaN,NaN
5543,29,10,19,10,NaN,NaN,NaN
5544,29,19,10,10,NaN,NaN,NaN
5545,30,10,20,10,NaN,NaN,NaN
5546,30,20,10,10,NaN,NaN,NaN
5547,22,11,11,10,NaN,NaN,NaN
5548,23,11,12,10,NaN,NaN,NaN
5549,23,12,11,10,NaN,NaN,NaN
5550,24,11,13,10,NaN,NaN,NaN
5551,24,13,11,10,NaN,NaN,NaN
5552,25,11,14,10,NaN,NaN,NaN
5553,25,14,11,10,NaN,NaN,NaN
5554,26,11,15,10,NaN,NaN,NaN
5555,26,15,11,10,NaN,NaN,NaN
5556,27,11,16,10,NaN,NaN,NaN
5557,27,16,11,10,NaN,NaN,NaN
5558,28,11,17,10,NaN,NaN,NaN
5559,28,17,11,10,NaN,NaN,NaN
5560,29,11,18,10,NaN,NaN,NaN
5561,29,18,11,10,NaN,NaN,NaN
5562,30,11,19,10,NaN,NaN,NaN
5563,30,19,11,10,NaN,NaN,NaN
5564,31,11,20,10,NaN,NaN,NaN
5565,31,20,11,10,NaN,NaN,NaN
5566,24,12,12,10,NaN,NaN,NaN
5567,25,12,13,10,NaN,NaN,NaN
5568,25,13,12,10,NaN,NaN,NaN
5569,26,12,14,10,NaN,NaN,NaN
5570,26,14,12,10,NaN,NaN,NaN
5571,27,12,15,10,NaN,NaN,NaN
5572,27,15,12,10,NaN,NaN,NaN
5573,28,12,16,10,NaN,NaN,NaN
5574,28,16,12,10,NaN,NaN,NaN
5575,29,12,17,10,NaN,NaN,NaN
5576,29,17,12,10,NaN,NaN,NaN
5577,30,12,18,10,NaN,NaN,NaN
5578,30,18,12,10,NaN,NaN,NaN
5579,31,12,19,10,NaN,NaN,NaN
5580,31,19,12,10,NaN,NaN,NaN
5581,32,12,20,10,NaN,NaN,NaN
5582,32,20,12,10,NaN,NaN,NaN
5583,28,13,15,10,NaN,NaN,NaN
5584,28,15,13,10,NaN,NaN,NaN
5585,29,13,16,10,NaN,NaN,NaN
5586,29,16,13,10,NaN,NaN,NaN
5587,30,13,17,10,NaN,NaN,NaN
5588,30,17,13,10,NaN,NaN,NaN
5589,32,13,19,10,NaN,NaN,NaN
5590,32,19,13,10,NaN,NaN,NaN
5591,30,14,16,10,NaN,NaN,NaN
5592,30,16,14,10,NaN,NaN,NaN
5593,30,15,15,10,NaN,NaN,NaN
5594,32,15,17,10,NaN,NaN,NaN
5595,32,17,15,10,NaN,NaN,NaN
5596,34,15,19,10,NaN,NaN,NaN
5597,34,19,15,10,NaN,NaN,NaN
5598,34,17,17,10,NaN,NaN,NaN
5599,35,17,18,10,NaN,NaN,NaN
5600,35,18,17,10,NaN,NaN,NaN
5601,37,17,20,10,NaN,NaN,NaN
5602,37,20,17,10,NaN,NaN,NaN
5603,2,1,1,11,330,330,2584
5604,3,1,2,11,330,21128,42849
5605,3,2,1,11,21128,330,42849
5606,4,1,3,11,330,357004,460388
5607,4,3,1,11,357004,330,460388
5608,5,1,4,11,330,3101292,2970435
5609,5,4,1,11,3101292,330,2970435
5610,6,1,5,11,330,16989716,13265336
5611,6,5,1,11,16989716,330,13265336
5612,7,1,6,11,330,64537206,42249801
5613,7,6,1,11,64537206,330,42249801
5614,8,1,7,11,330,178818314,102237508
5615,8,7,1,11,178818314,330,102237508
5616,9,1,8,11,330,371634559,NaN
5617,9,8,1,11,371634559,330,NaN
5618,4,2,2,11,21128,21128,378344
5619,5,2,3,11,21128,357004,3031274
5620,5,3,2,11,357004,21128,3031274
5621,6,2,4,11,21128,3101292,16177278
5622,6,4,2,11,3101292,21128,16177278
5623,7,2,5,11,21128,16989716,60165994
5624,7,5,2,11,16989716,21128,60165994
5625,8,2,6,11,21128,64537206,168099700
5626,8,6,2,11,64537206,21128,168099700
5627,9,2,7,11,21128,178818314,351078180
5628,9,7,2,11,178818314,21128,351078180
5629,10,2,8,11,21128,371634559,NaN
5630,10,8,2,11,371634559,21128,NaN
5631,6,3,3,11,357004,357004,22128148
5632,7,3,4,11,357004,3101292,106825315
5633,7,4,3,11,3101292,357004,106825315
5634,8,3,5,11,357004,16989716,376395550
5635,8,5,3,11,16989716,357004,376395550
5636,9,3,6,11,357004,64537206,976285728
5637,9,6,3,11,64537206,357004,976285728
5638,10,3,7,11,357004,178818314,1961349916
5639,10,7,3,11,178818314,357004,1961349916
5640,11,3,8,11,357004,371634559,NaN
5641,11,8,3,11,371634559,357004,NaN
5642,8,4,4,11,3101292,3101292,488114792
5643,9,4,5,11,3101292,16989716,1593786303
5644,9,5,4,11,16989716,3101292,1593786303
5645,10,4,6,11,3101292,64537206,-331625566
5646,10,6,4,11,64537206,3101292,-331625566
5647,11,4,7,11,3101292,178818314,NaN
5648,11,7,4,11,178818314,3101292,NaN
5649,12,4,8,11,3101292,371634559,NaN
5650,12,8,4,11,371634559,3101292,NaN
5651,10,5,5,11,16989716,16989716,689231208
5652,11,5,6,11,16989716,64537206,NaN
5653,11,6,5,11,64537206,16989716,NaN
5654,12,5,7,11,16989716,178818314,NaN
5655,12,7,5,11,178818314,16989716,NaN
5656,13,5,8,11,16989716,371634559,NaN
5657,13,8,5,11,371634559,16989716,NaN
5658,12,6,6,11,64537206,64537206,NaN
5659,13,6,7,11,64537206,178818314,NaN
5660,13,7,6,11,178818314,64537206,NaN
5661,14,6,8,11,64537206,371634559,NaN
5662,14,8,6,11,371634559,64537206,NaN
5663,14,7,7,11,178818314,178818314,NaN
5664,15,7,8,11,178818314,NaN,NaN
5665,15,8,7,11,NaN,178818314,NaN
5666,16,8,8,11,371634559,NaN,NaN
5667,2,1,1,12,330,330,3240
5668,3,1,2,12,330,28392,67208
5669,3,2,1,12,28392,330,67208
5670,4,1,3,12,330,574726,815246
5671,4,3,1,12,574726,330,815246
5672,5,1,4,12,330,5643948,5798674
5673,5,4,1,12,5643948,330,5798674
5674,6,1,5,12,330,34107226,28144060
5675,6,5,1,12,34107226,330,28144060
5676,7,1,6,12,330,141231324,96915749
5677,7,6,1,12,141231324,330,96915749
5678,8,1,7,12,330,424239986,NaN
5679,8,7,1,12,424239986,330,NaN
5680,9,1,8,12,330,NaN,NaN
5681,9,8,1,12,NaN,330,NaN
5682,4,2,2,12,28392,28392,698324
5683,5,2,3,12,28392,574726,6141901
5684,5,3,2,12,574726,28392,6141901
5685,6,2,4,12,28392,5643948,35480790
5686,6,4,2,12,5643948,28392,35480790
5687,7,2,5,12,28392,34107226,142101827
5688,7,5,2,12,34107226,28392,142101827
5689,8,2,6,12,28392,141231324,425816453
5690,8,6,2,12,141231324,28392,425816453
5691,9,2,7,12,28392,424239986,NaN
5692,9,7,2,12,424239986,28392,NaN
5693,10,2,8,12,28392,NaN,NaN
5694,10,8,2,12,NaN,28392,NaN
5695,6,3,3,12,574726,574726,48363444
5696,7,3,4,12,574726,5643948,250321012
5697,7,4,3,12,5643948,574726,250321012
5698,8,3,5,12,574726,34107226,941040356
5699,8,5,3,12,34107226,574726,941040356
5700,9,3,6,12,574726,141231324,NaN
5701,9,6,3,12,141231324,574726,NaN
5702,10,3,7,12,574726,424239986,NaN
5703,10,7,3,12,424239986,574726,NaN
5704,11,3,8,12,574726,NaN,NaN
5705,11,8,3,12,NaN,574726,NaN
5706,8,4,4,12,5643948,5643948,1215260084
5707,9,4,5,12,5643948,34107226,-80646539
5708,9,5,4,12,34107226,5643948,-80646539
5709,10,4,6,12,5643948,141231324,NaN
5710,10,6,4,12,141231324,5643948,NaN
5711,11,4,7,12,5643948,424239986,NaN
5712,11,7,4,12,424239986,5643948,NaN
5713,12,4,8,12,5643948,NaN,NaN
5714,12,8,4,12,NaN,5643948,NaN
5715,10,5,5,12,34107226,34107226,NaN
5716,11,5,6,12,34107226,141231324,NaN
5717,11,6,5,12,141231324,34107226,NaN
5718,12,5,7,12,34107226,424239986,NaN
5719,12,7,5,12,424239986,34107226,NaN
5720,13,5,8,12,34107226,NaN,NaN
5721,13,8,5,12,NaN,34107226,NaN
5722,12,6,6,12,141231324,141231324,NaN
5723,13,6,7,12,141231324,424239986,NaN
5724,13,7,6,12,424239986,141231324,NaN
5725,14,6,8,12,141231324,NaN,NaN
5726,14,8,6,12,NaN,141231324,NaN
5727,14,7,7,12,424239986,NaN,NaN
5728,15,7,8,12,424239986,NaN,NaN
5729,15,8,7,12,NaN,424239986,NaN
5730,16,8,8,12,NaN,NaN,NaN
